County,State,Population
Autauga,Alabama,55869
Baldwin,Alabama,223234
Barbour,Alabama,24686
Bibb,Alabama,22394
Blount,Alabama,57826
Bullock,Alabama,10101
Butler,Alabama,19448
Calhoun,Alabama,113605
Chambers,Alabama,33254
Cherokee,Alabama,26196
Chilton,Alabama,44428
Choctaw,Alabama,12589
Clarke,Alabama,23622
Clay,Alabama,13235
Cleburne,Alabama,14910
Coffee,Alabama,52342
Colbert,Alabama,55241
Conecuh,Alabama,12067
Coosa,Alabama,10663
Covington,Alabama,37049
Crenshaw,Alabama,13772
Cullman,Alabama,83768
Dale,Alabama,49172
Dallas,Alabama,37196
DeKalb,Alabama,71513
Elmore,Alabama,81209
Escambia,Alabama,36633
Etowah,Alabama,102268
Fayette,Alabama,16302
Franklin,Alabama,31362
Geneva,Alabama,26271
Greene,Alabama,8111
Hale,Alabama,14651
Henry,Alabama,17205
Houston,Alabama,105882
Jackson,Alabama,51626
Jefferson,Alabama,658573
Lamar,Alabama,13805
Lauderdale,Alabama,92729
Lawrence,Alabama,32924
Lee,Alabama,164542
Limestone,Alabama,98915
Lowndes,Alabama,9726
Macon,Alabama,18068
Madison,Alabama,372909
Marengo,Alabama,18863
Marion,Alabama,29709
Marshall,Alabama,96774
Mobile,Alabama,413210
Monroe,Alabama,20733
Montgomery,Alabama,226486
Morgan,Alabama,119679
Perry,Alabama,8923
Pickens,Alabama,19930
Pike,Alabama,33114
Randolph,Alabama,22722
Russell,Alabama,57961
St. Clair,Alabama,89512
Shelby,Alabama,217702
Sumter,Alabama,12427
Talladega,Alabama,79978
Tallapoosa,Alabama,40367
Tuscaloosa,Alabama,209355
Walker,Alabama,63521
Washington,Alabama,16326
Wilcox,Alabama,10373
Winston,Alabama,23629
Aleutians East Borough[d],Alaska,3337
Aleutians West Census Area[e],Alaska,5634
"Anchorage, Municipality of[d][f]",Alaska,288000
Bethel Census Area[e],Alaska,18386
Bristol Bay Borough[d],Alaska,836
Chugach Census Area[e],Alaska,6734
Copper River Census Area[e],Alaska,2764
Denali Borough[d],Alaska,2097
Dillingham Census Area[e],Alaska,4916
Fairbanks North Star Borough[d],Alaska,96849
Haines Borough[d],Alaska,2530
Hoonah–Angoon Census Area[e],Alaska,2148
"Juneau, City and Borough of[d][g]",Alaska,31974
Kenai Peninsula Borough[d],Alaska,58708
Ketchikan Gateway Borough[d],Alaska,13901
Kodiak Island Borough[d],Alaska,12998
Kusilvak Census Area[e],Alaska,8314
Lake and Peninsula Borough[d],Alaska,1592
Matanuska-Susitna Borough[d],Alaska,108317
Nome Census Area[e],Alaska,10004
North Slope Borough[d],Alaska,9832
Northwest Arctic Borough[d],Alaska,7621
Petersburg Borough[d][h],Alaska,3266
Prince of Wales – Hyder Census Area[e],Alaska,6203
"Sitka, City and Borough of[d][i]",Alaska,8493
"Skagway, Municipality of[d]",Alaska,1183
Southeast Fairbanks Census Area[e],Alaska,6893
"Wrangell, City and Borough of[d]",Alaska,2502
"Yakutat, City and Borough of[d][j]",Alaska,579
Yukon–Koyukuk Census Area[e],Alaska,5230
Eastern District[12],American Samoa,23030
Manu'a District[12],American Samoa,1143
Rose Atoll (Rose Island)[12],American Samoa,0
Swains Island[12],American Samoa,17
Western District[12],American Samoa,31329
Apache,Arizona,71887
Cochise,Arizona,125922
Coconino,Arizona,143476
Gila,Arizona,54018
Graham,Arizona,38837
Greenlee,Arizona,9498
La Paz,Arizona,21108
Maricopa,Arizona,4485414
Mohave,Arizona,212181
Navajo,Arizona,110924
Pima,Arizona,1047279
Pinal,Arizona,462789
Santa Cruz,Arizona,46498
Yavapai,Arizona,235099
Yuma,Arizona,213787
Arkansas,Arkansas,17486
Ashley,Arkansas,19657
Baxter,Arkansas,41932
Benton,Arkansas,279141
Boone,Arkansas,37432
Bradley,Arkansas,10763
Calhoun,Arkansas,5189
Carroll,Arkansas,28380
Chicot,Arkansas,10118
Clark,Arkansas,22320
Clay,Arkansas,14551
Cleburne,Arkansas,24919
Cleveland,Arkansas,7956
Columbia,Arkansas,23457
Conway,Arkansas,20846
Craighead,Arkansas,110332
Crawford,Arkansas,63257
Crittenden,Arkansas,47955
Cross,Arkansas,16419
Dallas,Arkansas,7009
Desha,Arkansas,11361
Drew,Arkansas,18219
Faulkner,Arkansas,126007
Franklin,Arkansas,17715
Fulton,Arkansas,12477
Garland,Arkansas,99386
Grant,Arkansas,18265
Greene,Arkansas,45325
Hempstead,Arkansas,21532
Hot Spring,Arkansas,33771
Howard,Arkansas,13202
Independence,Arkansas,37825
Izard,Arkansas,13629
Jackson,Arkansas,16719
Jefferson,Arkansas,66824
Johnson,Arkansas,26578
Lafayette,Arkansas,6624
Lawrence,Arkansas,16406
Lee,Arkansas,8857
Lincoln,Arkansas,13024
Little River,Arkansas,12259
Logan,Arkansas,21466
Lonoke,Arkansas,73309
Madison,Arkansas,16576
Marion,Arkansas,16694
Miller,Arkansas,43257
Mississippi,Arkansas,40651
Monroe,Arkansas,6701
Montgomery,Arkansas,8986
Nevada,Arkansas,8252
Newton,Arkansas,7753
Ouachita,Arkansas,23382
Perry,Arkansas,10455
Phillips,Arkansas,17782
Pike,Arkansas,10718
Poinsett,Arkansas,23528
Polk,Arkansas,19964
Pope,Arkansas,64072
Prairie,Arkansas,8062
Pulaski,Arkansas,391911
Randolph,Arkansas,17958
St. Francis,Arkansas,24994
Saline,Arkansas,122437
Scott,Arkansas,10281
Searcy,Arkansas,7881
Sebastian,Arkansas,127827
Sevier,Arkansas,17007
Sharp,Arkansas,17442
Stone,Arkansas,12506
Union,Arkansas,38682
Van Buren,Arkansas,16545
Washington,Arkansas,239187
White,Arkansas,78753
Woodruff,Arkansas,6320
Yell,Arkansas,21341
Alameda,California,1671329
Alpine,California,1129
Amador,California,39752
Butte,California,219186
Calaveras,California,45905
Colusa,California,21547
Contra Costa,California,1153526
Del Norte,California,27812
El Dorado,California,192843
Fresno,California,999101
Glenn,California,28393
Humboldt,California,135558
Imperial,California,181215
Inyo,California,18039
Kern,California,900202
Kings,California,152940
Lake,California,64386
Lassen,California,30573
Los Angeles,California,10039107
Madera,California,157327
Marin,California,258826
Mariposa,California,17203
Mendocino,California,86749
Merced,California,277680
Modoc,California,8841
Mono,California,14444
Monterey,California,434061
Napa,California,137744
Nevada,California,99755
Orange,California,3175692
Placer,California,398329
Plumas,California,18807
Riverside,California,2470546
Sacramento,California,1552058
San Benito,California,62808
San Bernardino,California,2180085
San Diego,California,3338330
"San Francisco, City and County of[k]",California,881549
San Joaquin,California,762148
San Luis Obispo,California,283111
San Mateo,California,766573
Santa Barbara,California,446499
Santa Clara,California,1927852
Santa Cruz,California,273213
Shasta,California,180080
Sierra,California,3005
Siskiyou,California,43539
Solano,California,447643
Sonoma,California,494336
Stanislaus,California,550660
Sutter,California,96971
Tehama,California,65084
Trinity,California,12285
Tulare,California,466195
Tuolumne,California,54478
Ventura,California,846006
Yolo,California,220500
Yuba,California,78668
Adams,Colorado,517421
Alamosa,Colorado,16233
Arapahoe,Colorado,656590
Archuleta,Colorado,14029
Baca,Colorado,3581
Bent,Colorado,5577
Boulder,Colorado,326196
"Broomfield, City and County of[l]",Colorado,70465
Chaffee,Colorado,20356
Cheyenne,Colorado,1831
Clear Creek,Colorado,9700
Conejos,Colorado,8205
Costilla,Colorado,3887
Crowley,Colorado,6061
Custer,Colorado,5068
Delta,Colorado,31162
"Denver, City and County of[m]",Colorado,727211
Dolores,Colorado,2055
Douglas,Colorado,351154
Eagle,Colorado,55127
Elbert,Colorado,26729
El Paso,Colorado,720403
Fremont,Colorado,47839
Garfield,Colorado,60061
Gilpin,Colorado,6243
Grand,Colorado,15734
Gunnison,Colorado,17462
Hinsdale,Colorado,820
Huerfano,Colorado,6897
Jackson,Colorado,1392
Jefferson,Colorado,582881
Kiowa,Colorado,1406
Kit Carson,Colorado,7097
Lake,Colorado,8127
La Plata,Colorado,56221
Larimer,Colorado,356899
Las Animas,Colorado,14506
Lincoln,Colorado,5701
Logan,Colorado,22409
Mesa,Colorado,154210
Mineral,Colorado,769
Moffat,Colorado,13283
Montezuma,Colorado,26183
Montrose,Colorado,42758
Morgan,Colorado,29068
Otero,Colorado,18278
Ouray,Colorado,4952
Park,Colorado,18845
Phillips,Colorado,4265
Pitkin,Colorado,17767
Prowers,Colorado,12172
Pueblo,Colorado,168424
Rio Blanco,Colorado,6324
Rio Grande,Colorado,11267
Routt,Colorado,25638
Saguache,Colorado,6824
San Juan,Colorado,728
San Miguel,Colorado,8179
Sedgwick,Colorado,2248
Summit,Colorado,31011
Teller,Colorado,25388
Washington,Colorado,4908
Weld,Colorado,324492
Yuma,Colorado,10019
Fairfield[n],Connecticut,943332
Hartford[n],Connecticut,891720
Litchfield[n],Connecticut,180333
Middlesex[n],Connecticut,162436
New Haven[n],Connecticut,854757
New London[n],Connecticut,265206
Tolland[n],Connecticut,150721
Windham[n],Connecticut,116782
Kent,Delaware,180786
New Castle,Delaware,558753
Sussex,Delaware,234225
District of Columbia[o],District of Columbia,705749
Alachua,Florida,269043
Baker,Florida,29210
Bay,Florida,174705
Bradford,Florida,28201
Brevard,Florida,601942
Broward,Florida,1952778
Calhoun,Florida,14105
Charlotte,Florida,188910
Citrus,Florida,149657
Clay,Florida,219252
Collier,Florida,384902
Columbia,Florida,71686
DeSoto,Florida,38001
Dixie,Florida,16826
Duval,Florida,957755
Escambia,Florida,318316
Flagler,Florida,115081
Franklin,Florida,12125
Gadsden,Florida,45660
Gilchrist,Florida,18582
Glades,Florida,13811
Gulf,Florida,13639
Hamilton,Florida,14428
Hardee,Florida,26937
Hendry,Florida,42022
Hernando,Florida,193920
Highlands,Florida,106221
Hillsborough,Florida,1471968
Holmes,Florida,19617
Indian River,Florida,159923
Jackson,Florida,46414
Jefferson,Florida,14246
Lafayette,Florida,8422
Lake,Florida,367118
Lee,Florida,770577
Leon,Florida,293582
Levy,Florida,41503
Liberty,Florida,8354
Madison,Florida,18493
Manatee,Florida,403253
Marion,Florida,365579
Martin,Florida,161000
Miami-Dade,Florida,2716940
Monroe,Florida,74228
Nassau,Florida,88625
Okaloosa,Florida,210738
Okeechobee,Florida,42168
Orange,Florida,1393452
Osceola,Florida,375751
Palm Beach,Florida,1496770
Pasco,Florida,553947
Pinellas,Florida,974996
Polk,Florida,724777
Putnam,Florida,74521
St. Johns,Florida,264672
St. Lucie,Florida,328297
Santa Rosa,Florida,184313
Sarasota,Florida,433742
Seminole,Florida,471826
Sumter,Florida,132420
Suwannee,Florida,44417
Taylor,Florida,21569
Union,Florida,15237
Volusia,Florida,553284
Wakulla,Florida,33739
Walton,Florida,74071
Washington,Florida,25473
Appling,Georgia,18386
Atkinson,Georgia,8165
Bacon,Georgia,11164
Baker,Georgia,3038
Baldwin,Georgia,44890
Banks,Georgia,19234
Barrow,Georgia,83240
Bartow,Georgia,107738
Ben Hill,Georgia,16700
Berrien,Georgia,19397
Bibb,Georgia,153159
Bleckley,Georgia,12873
Brantley,Georgia,19109
Brooks,Georgia,15457
Bryan,Georgia,39627
Bulloch,Georgia,79608
Burke,Georgia,22383
Butts,Georgia,24936
Calhoun,Georgia,6189
Camden,Georgia,54666
Candler,Georgia,10803
Carroll,Georgia,119992
Catoosa,Georgia,67580
Charlton,Georgia,13392
Chatham,Georgia,289430
Chattahoochee,Georgia,10907
Chattooga,Georgia,24789
Cherokee,Georgia,258773
Clarke,Georgia,128331
Clay,Georgia,3045
Clayton,Georgia,292256
Clinch,Georgia,6618
Cobb,Georgia,760141
Coffee,Georgia,43273
Colquitt,Georgia,45600
Columbia,Georgia,156714
Cook,Georgia,17270
Coweta,Georgia,148509
Crawford,Georgia,12404
Crisp,Georgia,22372
Dade,Georgia,16116
Dawson,Georgia,26108
Decatur,Georgia,26404
DeKalb,Georgia,759297
Dodge,Georgia,20605
Dooly,Georgia,13390
Dougherty,Georgia,87956
Douglas,Georgia,146343
Early,Georgia,10190
Echols,Georgia,4006
Effingham,Georgia,64296
Elbert,Georgia,19194
Emanuel,Georgia,22646
Evans,Georgia,10654
Fannin,Georgia,26188
Fayette,Georgia,114421
Floyd,Georgia,98498
Forsyth,Georgia,244252
Franklin,Georgia,23349
Fulton,Georgia,1063937
Gilmer,Georgia,31369
Glascock,Georgia,2971
Glynn,Georgia,85292
Gordon,Georgia,57963
Grady,Georgia,24633
Greene,Georgia,18324
Gwinnett,Georgia,936250
Habersham,Georgia,45328
Hall,Georgia,204441
Hancock,Georgia,8457
Haralson,Georgia,29792
Harris,Georgia,35236
Hart,Georgia,26205
Heard,Georgia,11923
Henry,Georgia,234561
Houston,Georgia,157863
Irwin,Georgia,9416
Jackson,Georgia,72977
Jasper,Georgia,14219
Jeff Davis,Georgia,15115
Jefferson,Georgia,15362
Jenkins,Georgia,8676
Johnson,Georgia,9643
Jones,Georgia,28735
Lamar,Georgia,19077
Lanier,Georgia,10423
Laurens,Georgia,47546
Lee,Georgia,29992
Liberty,Georgia,61435
Lincoln,Georgia,7921
Long,Georgia,19559
Lowndes,Georgia,117406
Lumpkin,Georgia,33610
McDuffie,Georgia,21312
McIntosh,Georgia,14378
Macon,Georgia,12947
Madison,Georgia,29880
Marion,Georgia,8359
Meriwether,Georgia,21167
Miller,Georgia,5718
Mitchell,Georgia,21863
Monroe,Georgia,27578
Montgomery,Georgia,9172
Morgan,Georgia,19276
Murray,Georgia,40096
Muscogee,Georgia,195769
Newton,Georgia,111744
Oconee,Georgia,40280
Oglethorpe,Georgia,15259
Paulding,Georgia,168667
Peach,Georgia,27546
Pickens,Georgia,32591
Pierce,Georgia,19465
Pike,Georgia,18962
Polk,Georgia,42613
Pulaski,Georgia,11137
Putnam,Georgia,22119
Quitman,Georgia,2299
Rabun,Georgia,17137
Randolph,Georgia,6778
Richmond,Georgia,202518
Rockdale,Georgia,90896
Schley,Georgia,5257
Screven,Georgia,13966
Seminole,Georgia,8090
Spalding,Georgia,66703
Stephens,Georgia,25925
Stewart,Georgia,6621
Sumter,Georgia,29524
Talbot,Georgia,6195
Taliaferro,Georgia,1537
Tattnall,Georgia,25286
Taylor,Georgia,8020
Telfair,Georgia,15860
Terrell,Georgia,8531
Thomas,Georgia,44451
Tift,Georgia,40644
Toombs,Georgia,26830
Towns,Georgia,12037
Treutlen,Georgia,6901
Troup,Georgia,69922
Turner,Georgia,7985
Twiggs,Georgia,8120
Union,Georgia,24511
Upson,Georgia,26320
Walker,Georgia,69761
Walton,Georgia,94593
Ware,Georgia,35734
Warren,Georgia,5254
Washington,Georgia,20374
Wayne,Georgia,29927
Webster,Georgia,2607
Wheeler,Georgia,7855
White,Georgia,30798
Whitfield,Georgia,104628
Wilcox,Georgia,8635
Wilkes,Georgia,9777
Wilkinson,Georgia,8954
Worth,Georgia,20247
Guam[9],Guam,162742
Hawaii,Hawaiʻi,201513
"Honolulu, City and County of[p]",Hawaiʻi,974563
Kalawao,Hawaiʻi,86
Kauai,Hawaiʻi,72293
Maui,Hawaiʻi,167417
Ada,Idaho,481587
Adams,Idaho,4294
Bannock,Idaho,87808
Bear Lake,Idaho,6125
Benewah,Idaho,9298
Bingham,Idaho,46811
Blaine,Idaho,23021
Boise,Idaho,7831
Bonner,Idaho,45739
Bonneville,Idaho,119062
Boundary,Idaho,12245
Butte,Idaho,2597
Camas,Idaho,1106
Canyon,Idaho,229849
Caribou,Idaho,7155
Cassia,Idaho,24030
Clark,Idaho,845
Clearwater,Idaho,8756
Custer,Idaho,4315
Elmore,Idaho,27511
Franklin,Idaho,13876
Fremont,Idaho,13099
Gem,Idaho,18112
Gooding,Idaho,15179
Idaho,Idaho,16667
Jefferson,Idaho,29871
Jerome,Idaho,24412
Kootenai,Idaho,165697
Latah,Idaho,40108
Lemhi,Idaho,8027
Lewis,Idaho,3838
Lincoln,Idaho,5366
Madison,Idaho,39907
Minidoka,Idaho,21039
Nez Perce,Idaho,40408
Oneida,Idaho,4531
Owyhee,Idaho,11823
Payette,Idaho,23951
Power,Idaho,7681
Shoshone,Idaho,12882
Teton,Idaho,12142
Twin Falls,Idaho,86878
Valley,Idaho,11392
Washington,Idaho,10194
Adams,Illinois,65435
Alexander,Illinois,5761
Bond,Illinois,16426
Boone,Illinois,53544
Brown,Illinois,6578
Bureau,Illinois,32628
Calhoun,Illinois,4739
Carroll,Illinois,14305
Cass,Illinois,12147
Champaign,Illinois,209689
Christian,Illinois,32304
Clark,Illinois,15441
Clay,Illinois,13184
Clinton,Illinois,37562
Coles,Illinois,50621
Cook,Illinois,5150233
Crawford,Illinois,18667
Cumberland,Illinois,10766
DeKalb,Illinois,104897
DeWitt,Illinois,15638
Douglas,Illinois,19465
DuPage,Illinois,922921
Edgar,Illinois,17161
Edwards,Illinois,6395
Effingham,Illinois,34008
Fayette,Illinois,21336
Ford,Illinois,12961
Franklin,Illinois,38469
Fulton,Illinois,34340
Gallatin,Illinois,4828
Greene,Illinois,12969
Grundy,Illinois,51054
Hamilton,Illinois,8116
Hancock,Illinois,17708
Hardin,Illinois,3821
Henderson,Illinois,6646
Henry,Illinois,48913
Iroquois,Illinois,27114
Jackson,Illinois,56750
Jasper,Illinois,9610
Jefferson,Illinois,37684
Jersey,Illinois,21773
Jo Daviess,Illinois,21235
Johnson,Illinois,12417
Kane,Illinois,532403
Kankakee,Illinois,109862
Kendall,Illinois,128990
Knox,Illinois,49699
Lake,Illinois,696535
LaSalle,Illinois,108669
Lawrence,Illinois,15678
Lee,Illinois,34096
Livingston,Illinois,35648
Logan,Illinois,28618
McDonough,Illinois,29682
McHenry,Illinois,307774
McLean,Illinois,171517
Macon,Illinois,104009
Macoupin,Illinois,44926
Madison,Illinois,262966
Marion,Illinois,37205
Marshall,Illinois,11438
Mason,Illinois,13359
Massac,Illinois,13772
Menard,Illinois,12196
Mercer,Illinois,15437
Monroe,Illinois,34637
Montgomery,Illinois,28414
Morgan,Illinois,33658
Moultrie,Illinois,14501
Ogle,Illinois,50643
Peoria,Illinois,179179
Perry,Illinois,20916
Piatt,Illinois,16344
Pike,Illinois,15561
Pope,Illinois,4177
Pulaski,Illinois,5335
Putnam,Illinois,5739
Randolph,Illinois,31782
Richland,Illinois,15513
Rock Island,Illinois,141879
St. Clair,Illinois,259686
Saline,Illinois,23491
Sangamon,Illinois,194672
Schuyler,Illinois,6768
Scott,Illinois,4951
Shelby,Illinois,21634
Stark,Illinois,5342
Stephenson,Illinois,44498
Tazewell,Illinois,131803
Union,Illinois,16653
Vermilion,Illinois,75758
Wabash,Illinois,11520
Warren,Illinois,16844
Washington,Illinois,13887
Wayne,Illinois,16215
White,Illinois,13537
Whiteside,Illinois,55175
Will,Illinois,690743
Williamson,Illinois,66597
Winnebago,Illinois,282572
Woodford,Illinois,38459
Adams,Indiana,35777
Allen,Indiana,379299
Bartholomew,Indiana,83779
Benton,Indiana,8748
Blackford,Indiana,11758
Boone,Indiana,67843
Brown,Indiana,15092
Carroll,Indiana,20257
Cass,Indiana,37689
Clark,Indiana,118302
Clay,Indiana,26225
Clinton,Indiana,32399
Crawford,Indiana,10577
Daviess,Indiana,33351
Dearborn,Indiana,49458
Decatur,Indiana,26559
DeKalb,Indiana,43475
Delaware,Indiana,114135
Dubois,Indiana,42736
Elkhart,Indiana,206341
Fayette,Indiana,23102
Floyd,Indiana,78522
Fountain,Indiana,16346
Franklin,Indiana,22758
Fulton,Indiana,19974
Gibson,Indiana,33659
Grant,Indiana,65769
Greene,Indiana,31922
Hamilton,Indiana,338011
Hancock,Indiana,78168
Harrison,Indiana,40515
Hendricks,Indiana,170311
Henry,Indiana,47972
Howard,Indiana,82544
Huntington,Indiana,36520
Jackson,Indiana,44231
Jasper,Indiana,33562
Jay,Indiana,20436
Jefferson,Indiana,32308
Jennings,Indiana,27735
Johnson,Indiana,158167
Knox,Indiana,36594
Kosciusko,Indiana,79456
LaGrange,Indiana,39614
Lake,Indiana,485493
LaPorte,Indiana,109888
Lawrence,Indiana,45370
Madison,Indiana,129569
Marion,Indiana,964582
Marshall,Indiana,46258
Martin,Indiana,10255
Miami,Indiana,35516
Monroe,Indiana,148431
Montgomery,Indiana,38338
Morgan,Indiana,70489
Newton,Indiana,13984
Noble,Indiana,47744
Ohio,Indiana,5875
Orange,Indiana,19646
Owen,Indiana,20799
Parke,Indiana,16937
Perry,Indiana,19169
Pike,Indiana,12389
Porter,Indiana,170389
Posey,Indiana,25427
Pulaski,Indiana,12353
Putnam,Indiana,37576
Randolph,Indiana,24665
Ripley,Indiana,28324
Rush,Indiana,16581
St. Joseph,Indiana,271826
Scott,Indiana,23873
Shelby,Indiana,44729
Spencer,Indiana,20277
Starke,Indiana,22995
Steuben,Indiana,34594
Sullivan,Indiana,20669
Switzerland,Indiana,10751
Tippecanoe,Indiana,195732
Tipton,Indiana,15148
Union,Indiana,7054
Vanderburgh,Indiana,181451
Vermillion,Indiana,15498
Vigo,Indiana,107038
Wabash,Indiana,30996
Warren,Indiana,8265
Warrick,Indiana,62998
Washington,Indiana,28036
Wayne,Indiana,65884
Wells,Indiana,28296
White,Indiana,24102
Whitley,Indiana,33964
Adair,Iowa,7152
Adams,Iowa,3602
Allamakee,Iowa,13687
Appanoose,Iowa,12426
Audubon,Iowa,5496
Benton,Iowa,25645
Black Hawk,Iowa,131228
Boone,Iowa,26234
Bremer,Iowa,25062
Buchanan,Iowa,21175
Buena Vista,Iowa,19620
Butler,Iowa,14439
Calhoun,Iowa,9668
Carroll,Iowa,20165
Cass,Iowa,12836
Cedar,Iowa,18627
Cerro Gordo,Iowa,42450
Cherokee,Iowa,11235
Chickasaw,Iowa,11933
Clarke,Iowa,9395
Clay,Iowa,16016
Clayton,Iowa,17549
Clinton,Iowa,46429
Crawford,Iowa,16820
Dallas,Iowa,93453
Davis,Iowa,9000
Decatur,Iowa,7870
Delaware,Iowa,17011
Des Moines,Iowa,38967
Dickinson,Iowa,17258
Dubuque,Iowa,97311
Emmet,Iowa,9208
Fayette,Iowa,19650
Floyd,Iowa,15642
Franklin,Iowa,10070
Fremont,Iowa,6960
Greene,Iowa,8888
Grundy,Iowa,12232
Guthrie,Iowa,10689
Hamilton,Iowa,14773
Hancock,Iowa,10630
Hardin,Iowa,16846
Harrison,Iowa,14049
Henry,Iowa,19954
Howard,Iowa,9158
Humboldt,Iowa,9558
Ida,Iowa,6860
Iowa,Iowa,16184
Jackson,Iowa,19439
Jasper,Iowa,37185
Jefferson,Iowa,18295
Johnson,Iowa,151140
Jones,Iowa,20681
Keokuk,Iowa,10246
Kossuth,Iowa,14813
Lee,Iowa,33657
Linn,Iowa,226706
Louisa,Iowa,11035
Lucas,Iowa,8600
Lyon,Iowa,11755
Madison,Iowa,16338
Mahaska,Iowa,22095
Marion,Iowa,33253
Marshall,Iowa,39369
Mills,Iowa,15109
Mitchell,Iowa,10586
Monona,Iowa,8615
Monroe,Iowa,7707
Montgomery,Iowa,9917
Muscatine,Iowa,42664
O'Brien,Iowa,13753
Osceola,Iowa,5958
Page,Iowa,15107
Palo Alto,Iowa,8886
Plymouth,Iowa,25177
Pocahontas,Iowa,6619
Polk,Iowa,490161
Pottawattamie,Iowa,93206
Poweshiek,Iowa,18504
Ringgold,Iowa,4894
Sac,Iowa,9721
Scott,Iowa,172943
Shelby,Iowa,11454
Sioux,Iowa,34855
Story,Iowa,97117
Tama,Iowa,16854
Taylor,Iowa,6121
Union,Iowa,12241
Van Buren,Iowa,7044
Wapello,Iowa,34969
Warren,Iowa,51466
Washington,Iowa,21965
Wayne,Iowa,6441
Webster,Iowa,35904
Winnebago,Iowa,10354
Winneshiek,Iowa,19991
Woodbury,Iowa,103107
Worth,Iowa,7381
Wright,Iowa,12562
Allen,Kansas,12369
Anderson,Kansas,7858
Atchison,Kansas,16073
Barber,Kansas,4427
Barton,Kansas,25779
Bourbon,Kansas,14534
Brown,Kansas,9564
Butler,Kansas,66911
Chase,Kansas,2648
Chautauqua,Kansas,3250
Cherokee,Kansas,19939
Cheyenne,Kansas,2657
Clark,Kansas,1994
Clay,Kansas,8002
Cloud,Kansas,8786
Coffey,Kansas,8179
Comanche,Kansas,1700
Cowley,Kansas,34908
Crawford,Kansas,38818
Decatur,Kansas,2827
Dickinson,Kansas,18466
Doniphan,Kansas,7600
Douglas,Kansas,122259
Edwards,Kansas,2798
Elk,Kansas,2530
Ellis,Kansas,28553
Ellsworth,Kansas,6102
Finney,Kansas,36467
Ford,Kansas,33619
Franklin,Kansas,25544
Geary,Kansas,31670
Gove,Kansas,2636
Graham,Kansas,2482
Grant,Kansas,7150
Gray,Kansas,5988
Greeley,Kansas,1232
Greenwood,Kansas,5982
Hamilton,Kansas,2539
Harper,Kansas,5436
Harvey,Kansas,34429
Haskell,Kansas,3968
Hodgeman,Kansas,1794
Jackson,Kansas,13171
Jefferson,Kansas,19043
Jewell,Kansas,2879
Johnson,Kansas,602401
Kearny,Kansas,3838
Kingman,Kansas,7152
Kiowa,Kansas,2475
Labette,Kansas,19618
Lane,Kansas,1535
Leavenworth,Kansas,81758
Lincoln,Kansas,2962
Linn,Kansas,9703
Logan,Kansas,2794
Lyon,Kansas,33195
McPherson,Kansas,28542
Marion,Kansas,11884
Marshall,Kansas,9707
Meade,Kansas,4033
Miami,Kansas,34237
Mitchell,Kansas,5979
Montgomery,Kansas,31829
Morris,Kansas,5620
Morton,Kansas,2587
Nemaha,Kansas,10231
Neosho,Kansas,16007
Ness,Kansas,2750
Norton,Kansas,5361
Osage,Kansas,15949
Osborne,Kansas,3421
Ottawa,Kansas,5704
Pawnee,Kansas,6414
Phillips,Kansas,5234
Pottawatomie,Kansas,24383
Pratt,Kansas,9164
Rawlins,Kansas,2530
Reno,Kansas,61998
Republic,Kansas,4636
Rice,Kansas,9537
Riley,Kansas,74232
Rooks,Kansas,4920
Rush,Kansas,3036
Russell,Kansas,6856
Saline,Kansas,54224
Scott,Kansas,4823
Sedgwick,Kansas,516042
Seward,Kansas,21428
Shawnee,Kansas,176875
Sheridan,Kansas,2521
Sherman,Kansas,5917
Smith,Kansas,3583
Stafford,Kansas,4156
Stanton,Kansas,2006
Stevens,Kansas,5485
Sumner,Kansas,22836
Thomas,Kansas,7777
Trego,Kansas,2803
Wabaunsee,Kansas,6931
Wallace,Kansas,1518
Washington,Kansas,5406
Wichita,Kansas,2119
Wilson,Kansas,8525
Woodson,Kansas,3138
Wyandotte,Kansas,165429
Adair,Kentucky,19202
Allen,Kentucky,21315
Anderson,Kentucky,22747
Ballard,Kentucky,7888
Barren,Kentucky,44249
Bath,Kentucky,12500
Bell,Kentucky,26032
Boone,Kentucky,133581
Bourbon,Kentucky,19788
Boyd,Kentucky,46718
Boyle,Kentucky,30060
Bracken,Kentucky,8303
Breathitt,Kentucky,12630
Breckinridge,Kentucky,20477
Bullitt,Kentucky,81676
Butler,Kentucky,12879
Caldwell,Kentucky,12747
Calloway,Kentucky,39001
Campbell,Kentucky,93584
Carlisle,Kentucky,4760
Carroll,Kentucky,10631
Carter,Kentucky,26797
Casey,Kentucky,16159
Christian,Kentucky,70461
Clark,Kentucky,36263
Clay,Kentucky,19901
Clinton,Kentucky,10218
Crittenden,Kentucky,8806
Cumberland,Kentucky,6614
Daviess,Kentucky,101511
Edmonson,Kentucky,12150
Elliott,Kentucky,7517
Estill,Kentucky,14106
Fayette,Kentucky,323152
Fleming,Kentucky,14581
Floyd,Kentucky,35589
Franklin,Kentucky,50991
Fulton,Kentucky,5969
Gallatin,Kentucky,8869
Garrard,Kentucky,17666
Grant,Kentucky,25069
Graves,Kentucky,37266
Grayson,Kentucky,26427
Green,Kentucky,10941
Greenup,Kentucky,35098
Hancock,Kentucky,8722
Hardin,Kentucky,110958
Harlan,Kentucky,26010
Harrison,Kentucky,18886
Hart,Kentucky,19035
Henderson,Kentucky,45210
Henry,Kentucky,16126
Hickman,Kentucky,4380
Hopkins,Kentucky,44686
Jackson,Kentucky,13329
Jefferson,Kentucky,766757
Jessamine,Kentucky,54115
Johnson,Kentucky,22188
Kenton,Kentucky,166998
Knott,Kentucky,14806
Knox,Kentucky,31145
LaRue,Kentucky,14398
Laurel,Kentucky,60813
Lawrence,Kentucky,15317
Lee,Kentucky,7403
Leslie,Kentucky,9877
Letcher,Kentucky,21553
Lewis,Kentucky,13275
Lincoln,Kentucky,24549
Livingston,Kentucky,9194
Logan,Kentucky,27102
Lyon,Kentucky,8210
McCracken,Kentucky,65418
McCreary,Kentucky,17231
McLean,Kentucky,9207
Madison,Kentucky,92987
Magoffin,Kentucky,12161
Marion,Kentucky,19273
Marshall,Kentucky,31100
Martin,Kentucky,11195
Mason,Kentucky,17070
Meade,Kentucky,28572
Menifee,Kentucky,6489
Mercer,Kentucky,21933
Metcalfe,Kentucky,10071
Monroe,Kentucky,10650
Montgomery,Kentucky,28157
Morgan,Kentucky,13309
Muhlenberg,Kentucky,30622
Nelson,Kentucky,46233
Nicholas,Kentucky,7269
Ohio,Kentucky,23994
Oldham,Kentucky,66799
Owen,Kentucky,10901
Owsley,Kentucky,4415
Pendleton,Kentucky,14590
Perry,Kentucky,25758
Pike,Kentucky,57876
Powell,Kentucky,12359
Pulaski,Kentucky,64979
Robertson,Kentucky,2108
Rockcastle,Kentucky,16695
Rowan,Kentucky,24460
Russell,Kentucky,17923
Scott,Kentucky,57004
Shelby,Kentucky,49024
Simpson,Kentucky,18572
Spencer,Kentucky,19351
Taylor,Kentucky,25769
Todd,Kentucky,12294
Trigg,Kentucky,14651
Trimble,Kentucky,8471
Union,Kentucky,14381
Warren,Kentucky,132896
Washington,Kentucky,12095
Wayne,Kentucky,20333
Webster,Kentucky,12942
Whitley,Kentucky,36264
Wolfe,Kentucky,7157
Woodford,Kentucky,26734
Acadia Parish,Louisiana,62045
Allen Parish,Louisiana,25627
Ascension Parish,Louisiana,126604
Assumption Parish,Louisiana,21891
Avoyelles Parish,Louisiana,40144
Beauregard Parish,Louisiana,37497
Bienville Parish,Louisiana,13241
Bossier Parish,Louisiana,127039
Caddo Parish,Louisiana,240204
Calcasieu Parish,Louisiana,203436
Caldwell Parish,Louisiana,9918
Cameron Parish,Louisiana,6973
Catahoula Parish,Louisiana,9494
Claiborne Parish,Louisiana,15670
Concordia Parish,Louisiana,19259
De Soto Parish,Louisiana,27463
East Baton Rouge Parish,Louisiana,440059
East Carroll Parish,Louisiana,6861
East Feliciana Parish,Louisiana,19135
Evangeline Parish,Louisiana,33395
Franklin Parish,Louisiana,20015
Grant Parish,Louisiana,22389
Iberia Parish,Louisiana,69830
Iberville Parish,Louisiana,32511
Jackson Parish,Louisiana,15744
Jefferson Parish,Louisiana,432493
Jefferson Davis Parish,Louisiana,31368
Lafayette Parish,Louisiana,244390
Lafourche Parish,Louisiana,97614
LaSalle Parish,Louisiana,14892
Lincoln Parish,Louisiana,46742
Livingston Parish,Louisiana,140789
Madison Parish,Louisiana,10951
Morehouse Parish,Louisiana,24874
Natchitoches Parish,Louisiana,38158
Orleans Parish[q],Louisiana,390144
Ouachita Parish,Louisiana,153279
Plaquemines Parish,Louisiana,23197
Pointe Coupee Parish,Louisiana,21730
Rapides Parish,Louisiana,129648
Red River Parish,Louisiana,8442
Richland Parish,Louisiana,20122
Sabine Parish,Louisiana,23884
St. Bernard Parish,Louisiana,47244
St. Charles Parish,Louisiana,53100
St. Helena Parish,Louisiana,10132
St. James Parish,Louisiana,21096
St. John the Baptist Parish,Louisiana,42837
St. Landry Parish,Louisiana,82124
St. Martin Parish,Louisiana,53431
St. Mary Parish,Louisiana,49348
St. Tammany Parish,Louisiana,260419
Tangipahoa Parish,Louisiana,134758
Tensas Parish,Louisiana,4334
Terrebonne Parish,Louisiana,110461
Union Parish,Louisiana,22108
Vermilion Parish,Louisiana,59511
Vernon Parish,Louisiana,47429
Washington Parish,Louisiana,46194
Webster Parish,Louisiana,38340
West Baton Rouge Parish,Louisiana,26465
West Carroll Parish,Louisiana,10830
West Feliciana Parish,Louisiana,15568
Winn Parish,Louisiana,13904
Androscoggin,Maine,108277
Aroostook,Maine,67055
Cumberland,Maine,295003
Franklin,Maine,30199
Hancock,Maine,54987
Kennebec,Maine,122302
Knox,Maine,39772
Lincoln,Maine,34634
Oxford,Maine,57975
Penobscot,Maine,152148
Piscataquis,Maine,16785
Sagadahoc,Maine,35856
Somerset,Maine,50484
Waldo,Maine,39715
Washington,Maine,31379
York,Maine,207641
Allegany,Maryland,70416
Anne Arundel,Maryland,579234
Baltimore,Maryland,827370
Calvert,Maryland,92525
Caroline,Maryland,33406
Carroll,Maryland,168447
Cecil,Maryland,102855
Charles,Maryland,163257
Dorchester,Maryland,31929
Frederick,Maryland,259547
Garrett,Maryland,29014
Harford,Maryland,255441
Howard,Maryland,325690
Kent,Maryland,19422
Montgomery,Maryland,1050688
Prince George's,Maryland,909327
Queen Anne's,Maryland,50381
St. Mary's,Maryland,113510
Somerset,Maryland,25616
Talbot,Maryland,37181
Washington,Maryland,151049
Wicomico,Maryland,103609
Worcester,Maryland,52276
Baltimore City[r],Maryland,593490
Barnstable,Massachusetts,212990
Berkshire[n],Massachusetts,124944
Bristol,Massachusetts,565217
Dukes,Massachusetts,17332
Essex[n],Massachusetts,789034
Franklin[n],Massachusetts,70180
Hampden[n],Massachusetts,466372
Hampshire[n],Massachusetts,160830
Middlesex[n],Massachusetts,1611699
"Nantucket, Town and County of[s]",Massachusetts,11399
Norfolk,Massachusetts,706775
Plymouth,Massachusetts,521202
Suffolk[n],Massachusetts,803907
Worcester[n],Massachusetts,830622
Alcona,Michigan,10405
Alger,Michigan,9108
Allegan,Michigan,118081
Alpena,Michigan,28405
Antrim,Michigan,23324
Arenac,Michigan,14883
Baraga,Michigan,8209
Barry,Michigan,61550
Bay,Michigan,103126
Benzie,Michigan,17766
Berrien,Michigan,153401
Branch,Michigan,43517
Calhoun,Michigan,134159
Cass,Michigan,51787
Charlevoix,Michigan,26143
Cheboygan,Michigan,25276
Chippewa,Michigan,37349
Clare,Michigan,30950
Clinton,Michigan,79595
Crawford,Michigan,14029
Delta,Michigan,35784
Dickinson,Michigan,25239
Eaton,Michigan,110268
Emmet,Michigan,33415
Genesee,Michigan,405813
Gladwin,Michigan,25449
Gogebic,Michigan,13975
Grand Traverse,Michigan,93088
Gratiot,Michigan,40711
Hillsdale,Michigan,45605
Houghton,Michigan,35684
Huron,Michigan,30981
Ingham,Michigan,292406
Ionia,Michigan,64697
Iosco,Michigan,25127
Iron,Michigan,11066
Isabella,Michigan,69872
Jackson,Michigan,158510
Kalamazoo,Michigan,265066
Kalkaska,Michigan,18038
Kent,Michigan,656955
Keweenaw,Michigan,2116
Lake,Michigan,11853
Lapeer,Michigan,87607
Leelanau,Michigan,21761
Lenawee,Michigan,98451
Livingston,Michigan,191995
Luce,Michigan,6229
Mackinac,Michigan,10799
Macomb,Michigan,873972
Manistee,Michigan,24558
Marquette,Michigan,66699
Mason,Michigan,29144
Mecosta,Michigan,43453
Menominee,Michigan,22780
Midland,Michigan,83156
Missaukee,Michigan,15118
Monroe,Michigan,150500
Montcalm,Michigan,63888
Montmorency,Michigan,9328
Muskegon,Michigan,173566
Newaygo,Michigan,48980
Oakland,Michigan,1257584
Oceana,Michigan,26467
Ogemaw,Michigan,20997
Ontonagon,Michigan,5720
Osceola,Michigan,23460
Oscoda,Michigan,8241
Otsego,Michigan,24668
Ottawa,Michigan,291830
Presque Isle,Michigan,12592
Roscommon,Michigan,24019
Saginaw,Michigan,190539
St. Clair,Michigan,159128
St. Joseph,Michigan,60964
Sanilac,Michigan,41170
Schoolcraft,Michigan,8094
Shiawassee,Michigan,68122
Tuscola,Michigan,52245
Van Buren,Michigan,75677
Washtenaw,Michigan,367601
Wayne,Michigan,1749343
Wexford,Michigan,33631
Aitkin,Minnesota,15886
Anoka,Minnesota,356921
Becker,Minnesota,34423
Beltrami,Minnesota,47188
Benton,Minnesota,40889
Big Stone,Minnesota,4991
Blue Earth,Minnesota,67653
Brown,Minnesota,25008
Carlton,Minnesota,35871
Carver,Minnesota,105089
Cass,Minnesota,29779
Chippewa,Minnesota,11800
Chisago,Minnesota,56579
Clay,Minnesota,64222
Clearwater,Minnesota,8818
Cook,Minnesota,5463
Cottonwood,Minnesota,11196
Crow Wing,Minnesota,65055
Dakota,Minnesota,429021
Dodge,Minnesota,20934
Douglas,Minnesota,38141
Faribault,Minnesota,13653
Fillmore,Minnesota,21067
Freeborn,Minnesota,30281
Goodhue,Minnesota,46340
Grant,Minnesota,5972
Hennepin,Minnesota,1265843
Houston,Minnesota,18600
Hubbard,Minnesota,21491
Isanti,Minnesota,40596
Itasca,Minnesota,45130
Jackson,Minnesota,9846
Kanabec,Minnesota,16337
Kandiyohi,Minnesota,43199
Kittson,Minnesota,4298
Koochiching,Minnesota,12229
Lac qui Parle,Minnesota,6623
Lake,Minnesota,10641
Lake of the Woods,Minnesota,3740
Le Sueur,Minnesota,28887
Lincoln,Minnesota,5639
Lyon,Minnesota,25474
McLeod,Minnesota,35893
Mahnomen,Minnesota,5527
Marshall,Minnesota,9336
Martin,Minnesota,19683
Meeker,Minnesota,23222
Mille Lacs,Minnesota,26277
Morrison,Minnesota,33386
Mower,Minnesota,40062
Murray,Minnesota,8194
Nicollet,Minnesota,34274
Nobles,Minnesota,21629
Norman,Minnesota,6375
Olmsted,Minnesota,158293
Otter Tail,Minnesota,58746
Pennington,Minnesota,14119
Pine,Minnesota,29579
Pipestone,Minnesota,9126
Polk,Minnesota,31364
Pope,Minnesota,11249
Ramsey,Minnesota,550321
Red Lake,Minnesota,4055
Redwood,Minnesota,15170
Renville,Minnesota,14548
Rice,Minnesota,66972
Rock,Minnesota,9315
Roseau,Minnesota,15165
St. Louis,Minnesota,199070
Scott,Minnesota,149013
Sherburne,Minnesota,97238
Sibley,Minnesota,14865
Stearns,Minnesota,161075
Steele,Minnesota,36649
Stevens,Minnesota,9805
Swift,Minnesota,9266
Todd,Minnesota,24664
Traverse,Minnesota,3259
Wabasha,Minnesota,21627
Wadena,Minnesota,13682
Waseca,Minnesota,18612
Washington,Minnesota,262440
Watonwan,Minnesota,10897
Wilkin,Minnesota,6207
Winona,Minnesota,50484
Wright,Minnesota,138377
Yellow Medicine,Minnesota,9709
Adams,Mississippi,30693
Alcorn,Mississippi,36953
Amite,Mississippi,12297
Attala,Mississippi,18174
Benton,Mississippi,8259
Bolivar,Mississippi,30628
Calhoun,Mississippi,14361
Carroll,Mississippi,9947
Chickasaw,Mississippi,17103
Choctaw,Mississippi,8210
Claiborne,Mississippi,8988
Clarke,Mississippi,15541
Clay,Mississippi,19316
Coahoma,Mississippi,22124
Copiah,Mississippi,28065
Covington,Mississippi,18636
DeSoto,Mississippi,184945
Forrest,Mississippi,74897
Franklin,Mississippi,7713
George,Mississippi,24500
Greene,Mississippi,13586
Grenada,Mississippi,20758
Hancock,Mississippi,47632
Harrison,Mississippi,208080
Hinds,Mississippi,231840
Holmes,Mississippi,17010
Humphreys,Mississippi,8064
Issaquena,Mississippi,1327
Itawamba,Mississippi,23390
Jackson,Mississippi,143617
Jasper,Mississippi,16383
Jefferson,Mississippi,6990
Jefferson Davis,Mississippi,11128
Jones,Mississippi,68098
Kemper,Mississippi,9742
Lafayette,Mississippi,54019
Lamar,Mississippi,63343
Lauderdale,Mississippi,74125
Lawrence,Mississippi,12586
Leake,Mississippi,22786
Lee,Mississippi,85436
Leflore,Mississippi,28183
Lincoln,Mississippi,34153
Lowndes,Mississippi,58595
Madison,Mississippi,106272
Marion,Mississippi,24573
Marshall,Mississippi,35294
Monroe,Mississippi,35252
Montgomery,Mississippi,9775
Neshoba,Mississippi,29118
Newton,Mississippi,21018
Noxubee,Mississippi,10417
Oktibbeha,Mississippi,49587
Panola,Mississippi,34192
Pearl River,Mississippi,55535
Perry,Mississippi,11973
Pike,Mississippi,39288
Pontotoc,Mississippi,32174
Prentiss,Mississippi,25126
Quitman,Mississippi,6792
Rankin,Mississippi,155271
Scott,Mississippi,28124
Sharkey,Mississippi,4321
Simpson,Mississippi,26658
Smith,Mississippi,15916
Stone,Mississippi,18336
Sunflower,Mississippi,25110
Tallahatchie,Mississippi,13809
Tate,Mississippi,28321
Tippah,Mississippi,22015
Tishomingo,Mississippi,19383
Tunica,Mississippi,9632
Union,Mississippi,28815
Walthall,Mississippi,14286
Warren,Mississippi,45381
Washington,Mississippi,43909
Wayne,Mississippi,20183
Webster,Mississippi,9689
Wilkinson,Mississippi,8630
Winston,Mississippi,17955
Yalobusha,Mississippi,12108
Yazoo,Mississippi,29690
Adair,Missouri,25343
Andrew,Missouri,17712
Atchison,Missouri,5143
Audrain,Missouri,25388
Barry,Missouri,35789
Barton,Missouri,11754
Bates,Missouri,16172
Benton,Missouri,19443
Bollinger,Missouri,12133
Boone,Missouri,180463
Buchanan,Missouri,87364
Butler,Missouri,42478
Caldwell,Missouri,9020
Callaway,Missouri,44743
Camden,Missouri,46305
Cape Girardeau,Missouri,78871
Carroll,Missouri,8679
Carter,Missouri,5982
Cass,Missouri,105780
Cedar,Missouri,14349
Chariton,Missouri,7426
Christian,Missouri,88595
Clark,Missouri,6797
Clay,Missouri,249948
Clinton,Missouri,20387
Cole,Missouri,76745
Cooper,Missouri,17709
Crawford,Missouri,23920
Dade,Missouri,7561
Dallas,Missouri,16878
Daviess,Missouri,8278
DeKalb,Missouri,12547
Dent,Missouri,15573
Douglas,Missouri,13185
Dunklin,Missouri,29131
Franklin,Missouri,103967
Gasconade,Missouri,14706
Gentry,Missouri,6571
Greene,Missouri,293086
Grundy,Missouri,9850
Harrison,Missouri,8352
Henry,Missouri,21824
Hickory,Missouri,9544
Holt,Missouri,4403
Howard,Missouri,10001
Howell,Missouri,40117
Iron,Missouri,10125
Jackson,Missouri,703011
Jasper,Missouri,121328
Jefferson,Missouri,225081
Johnson,Missouri,54062
Knox,Missouri,3959
Laclede,Missouri,35723
Lafayette,Missouri,32708
Lawrence,Missouri,38355
Lewis,Missouri,9776
Lincoln,Missouri,59013
Linn,Missouri,11920
Livingston,Missouri,15227
McDonald,Missouri,22837
Macon,Missouri,15117
Madison,Missouri,12088
Maries,Missouri,8697
Marion,Missouri,28530
Mercer,Missouri,3617
Miller,Missouri,25619
Mississippi,Missouri,13180
Moniteau,Missouri,16132
Monroe,Missouri,8644
Montgomery,Missouri,11551
Morgan,Missouri,20627
New Madrid,Missouri,17076
Newton,Missouri,58236
Nodaway,Missouri,22092
Oregon,Missouri,10529
Osage,Missouri,13615
Ozark,Missouri,9174
Pemiscot,Missouri,15805
Perry,Missouri,19136
Pettis,Missouri,42339
Phelps,Missouri,44573
Pike,Missouri,18302
Platte,Missouri,104418
Polk,Missouri,32149
Pulaski,Missouri,52607
Putnam,Missouri,4696
Ralls,Missouri,10309
Randolph,Missouri,24748
Ray,Missouri,23018
Reynolds,Missouri,6270
Ripley,Missouri,13288
St. Charles,Missouri,402022
St. Clair,Missouri,9397
Ste. Genevieve,Missouri,17894
St. Francois,Missouri,67215
St. Louis,Missouri,994205
Saline,Missouri,22761
Schuyler,Missouri,4660
Scotland,Missouri,4902
Scott,Missouri,38280
Shannon,Missouri,8166
Shelby,Missouri,5930
Stoddard,Missouri,29025
Stone,Missouri,31952
Sullivan,Missouri,6089
Taney,Missouri,55928
Texas,Missouri,25398
Vernon,Missouri,20563
Warren,Missouri,35649
Washington,Missouri,24730
Wayne,Missouri,12873
Webster,Missouri,39592
Worth,Missouri,2013
Wright,Missouri,18289
"St. Louis, City of[t]",Missouri,300576
Beaverhead,Montana,9453
Big Horn,Montana,13319
Blaine,Montana,6681
Broadwater,Montana,6237
Carbon,Montana,10725
Carter,Montana,1252
Cascade,Montana,81366
Chouteau,Montana,5635
Custer,Montana,11402
Daniels,Montana,1690
Dawson,Montana,8613
Deer Lodge,Montana,9140
Fallon,Montana,2846
Fergus,Montana,11050
Flathead,Montana,103806
Gallatin,Montana,114434
Garfield,Montana,1258
Glacier,Montana,13753
Golden Valley,Montana,821
Granite,Montana,3379
Hill,Montana,16484
Jefferson,Montana,12221
Judith Basin,Montana,2007
Lake,Montana,30458
Lewis and Clark,Montana,69432
Liberty,Montana,2337
Lincoln,Montana,19980
McCone,Montana,1664
Madison,Montana,8600
Meagher,Montana,1862
Mineral,Montana,4397
Missoula,Montana,119600
Musselshell,Montana,4633
Park,Montana,16606
Petroleum,Montana,487
Phillips,Montana,3954
Pondera,Montana,5911
Powder River,Montana,1682
Powell,Montana,6890
Prairie,Montana,1077
Ravalli,Montana,43806
Richland,Montana,10803
Roosevelt,Montana,11004
Rosebud,Montana,8937
Sanders,Montana,12113
Sheridan,Montana,3309
Silver Bow,Montana,34915
Stillwater,Montana,9642
Sweet Grass,Montana,3737
Teton,Montana,6147
Toole,Montana,4736
Treasure,Montana,696
Valley,Montana,7396
Wheatland,Montana,2126
Wibaux,Montana,969
Yellowstone,Montana,161300
Adams,Nebraska,31363
Antelope,Nebraska,6298
Arthur,Nebraska,463
Banner,Nebraska,745
Blaine,Nebraska,465
Boone,Nebraska,5192
Box Butte,Nebraska,10783
Boyd,Nebraska,1919
Brown,Nebraska,2955
Buffalo,Nebraska,49659
Burt,Nebraska,6459
Butler,Nebraska,8016
Cass,Nebraska,26248
Cedar,Nebraska,8402
Chase,Nebraska,3924
Cherry,Nebraska,5689
Cheyenne,Nebraska,8910
Clay,Nebraska,6203
Colfax,Nebraska,10709
Cuming,Nebraska,8846
Custer,Nebraska,10777
Dakota,Nebraska,20026
Dawes,Nebraska,8589
Dawson,Nebraska,23595
Deuel,Nebraska,1794
Dixon,Nebraska,5636
Dodge,Nebraska,36565
Douglas,Nebraska,571327
Dundy,Nebraska,1693
Fillmore,Nebraska,5462
Franklin,Nebraska,2979
Frontier,Nebraska,2627
Furnas,Nebraska,4676
Gage,Nebraska,21513
Garden,Nebraska,1837
Garfield,Nebraska,1969
Gosper,Nebraska,1990
Grant,Nebraska,623
Greeley,Nebraska,2356
Hall,Nebraska,61353
Hamilton,Nebraska,9324
Harlan,Nebraska,3380
Hayes,Nebraska,922
Hitchcock,Nebraska,2762
Holt,Nebraska,10067
Hooker,Nebraska,682
Howard,Nebraska,6445
Jefferson,Nebraska,7046
Johnson,Nebraska,5071
Kearney,Nebraska,6495
Keith,Nebraska,8034
Keya Paha,Nebraska,806
Kimball,Nebraska,3632
Knox,Nebraska,8332
Lancaster,Nebraska,319090
Lincoln,Nebraska,34914
Logan,Nebraska,748
Loup,Nebraska,664
McPherson,Nebraska,494
Madison,Nebraska,35099
Merrick,Nebraska,7755
Morrill,Nebraska,4642
Nance,Nebraska,3519
Nemaha,Nebraska,6972
Nuckolls,Nebraska,4148
Otoe,Nebraska,16012
Pawnee,Nebraska,2613
Perkins,Nebraska,2891
Phelps,Nebraska,9034
Pierce,Nebraska,7148
Platte,Nebraska,33470
Polk,Nebraska,5213
Red Willow,Nebraska,10724
Richardson,Nebraska,7865
Rock,Nebraska,1357
Saline,Nebraska,14224
Sarpy,Nebraska,187196
Saunders,Nebraska,21578
Scotts Bluff,Nebraska,35618
Seward,Nebraska,17284
Sheridan,Nebraska,5246
Sherman,Nebraska,3001
Sioux,Nebraska,1166
Stanton,Nebraska,5920
Thayer,Nebraska,5003
Thomas,Nebraska,722
Thurston,Nebraska,7224
Valley,Nebraska,4158
Washington,Nebraska,20729
Wayne,Nebraska,9385
Webster,Nebraska,3487
Wheeler,Nebraska,783
York,Nebraska,13679
Churchill,Nevada,24909
Clark,Nevada,2266715
Douglas,Nevada,48905
Elko,Nevada,52778
Esmeralda,Nevada,873
Eureka,Nevada,2029
Humboldt,Nevada,16831
Lander,Nevada,5532
Lincoln,Nevada,5183
Lyon,Nevada,57510
Mineral,Nevada,4505
Nye,Nevada,46523
Pershing,Nevada,6725
Storey,Nevada,4123
Washoe,Nevada,471519
White Pine,Nevada,9580
"Carson City, Consolidated Municipality of[u]",Nevada,55916
Belknap,New Hampshire,61303
Carroll,New Hampshire,48910
Cheshire,New Hampshire,76085
Coos,New Hampshire,31563
Grafton,New Hampshire,89886
Hillsborough,New Hampshire,417025
Merrimack,New Hampshire,151391
Rockingham,New Hampshire,309769
Strafford,New Hampshire,130633
Sullivan,New Hampshire,43146
Atlantic,New Jersey,263670
Bergen,New Jersey,932202
Burlington,New Jersey,445349
Camden,New Jersey,506471
Cape May,New Jersey,92039
Cumberland,New Jersey,149527
Essex,New Jersey,798975
Gloucester,New Jersey,291636
Hudson,New Jersey,672391
Hunterdon,New Jersey,124371
Mercer,New Jersey,367430
Middlesex,New Jersey,825062
Monmouth,New Jersey,618795
Morris,New Jersey,491845
Ocean,New Jersey,607186
Passaic,New Jersey,501826
Salem,New Jersey,62385
Somerset,New Jersey,328934
Sussex,New Jersey,140488
Union,New Jersey,556341
Warren,New Jersey,105267
Bernalillo,New Mexico,679121
Catron,New Mexico,3527
Chaves,New Mexico,64615
Cibola,New Mexico,26675
Colfax,New Mexico,11941
Curry,New Mexico,48954
De Baca,New Mexico,1748
Doña Ana,New Mexico,218195
Eddy,New Mexico,58460
Grant,New Mexico,26998
Guadalupe,New Mexico,4300
Harding,New Mexico,625
Hidalgo,New Mexico,4198
Lea,New Mexico,71070
Lincoln,New Mexico,19572
Los Alamos[v],New Mexico,19369
Luna,New Mexico,23709
McKinley,New Mexico,71367
Mora,New Mexico,4521
Otero,New Mexico,67490
Quay,New Mexico,8253
Rio Arriba,New Mexico,38921
Roosevelt,New Mexico,18500
Sandoval,New Mexico,146748
San Juan,New Mexico,123958
San Miguel,New Mexico,27277
Santa Fe,New Mexico,150358
Sierra,New Mexico,10791
Socorro,New Mexico,16637
Taos,New Mexico,32723
Torrance,New Mexico,15461
Union,New Mexico,4059
Valencia,New Mexico,76688
Albany,New York,305506
Allegany,New York,46091
Bronx,New York,1418207
Broome,New York,190488
Cattaraugus,New York,76117
Cayuga,New York,76576
Chautauqua,New York,126903
Chemung,New York,83456
Chenango,New York,47207
Clinton,New York,80485
Columbia,New York,59461
Cortland,New York,47581
Delaware,New York,44135
Dutchess,New York,294218
Erie,New York,918702
Essex,New York,36885
Franklin,New York,50022
Fulton,New York,53383
Genesee,New York,57280
Greene,New York,47188
Hamilton,New York,4416
Herkimer,New York,61319
Jefferson,New York,109834
Kings,New York,2559903
Lewis,New York,26296
Livingston,New York,62914
Madison,New York,70941
Monroe,New York,741770
Montgomery,New York,49221
Nassau,New York,1356924
New York,New York,1628706
Niagara,New York,209281
Oneida,New York,228671
Onondaga,New York,460528
Ontario,New York,109777
Orange,New York,384940
Orleans,New York,40352
Oswego,New York,117124
Otsego,New York,59493
Putnam,New York,98320
Queens,New York,2253858
Rensselaer,New York,158714
Richmond,New York,476143
Rockland,New York,325789
St. Lawrence,New York,107740
Saratoga,New York,229863
Schenectady,New York,155299
Schoharie,New York,30999
Schuyler,New York,17807
Seneca,New York,34016
Steuben,New York,95379
Suffolk,New York,1476601
Sullivan,New York,75432
Tioga,New York,48203
Tompkins,New York,102180
Ulster,New York,177573
Warren,New York,63944
Washington,New York,61204
Wayne,New York,89918
Westchester,New York,967506
Wyoming,New York,39859
Yates,New York,24913
Alamance,North Carolina,169509
Alexander,North Carolina,37497
Alleghany,North Carolina,10939
Anson,North Carolina,26161
Ashe,North Carolina,27151
Avery,North Carolina,17713
Beaufort,North Carolina,46994
Bertie,North Carolina,20344
Bladen,North Carolina,34843
Brunswick,North Carolina,142820
Buncombe,North Carolina,261191
Burke,North Carolina,90485
Cabarrus,North Carolina,216453
Caldwell,North Carolina,82178
Camden,North Carolina,10187
Carteret,North Carolina,69743
Caswell,North Carolina,23190
Catawba,North Carolina,159551
Chatham,North Carolina,74470
Cherokee,North Carolina,27218
Chowan,North Carolina,14726
Clay,North Carolina,10584
Cleveland,North Carolina,97947
Columbus,North Carolina,55508
Craven,North Carolina,102139
Cumberland,North Carolina,335509
Currituck,North Carolina,24396
Dare,North Carolina,35019
Davidson,North Carolina,167609
Davie,North Carolina,42846
Duplin,North Carolina,58741
Durham,North Carolina,321488
Edgecombe,North Carolina,51472
Forsyth,North Carolina,382295
Franklin,North Carolina,69685
Gaston,North Carolina,224529
Gates,North Carolina,11650
Graham,North Carolina,8736
Granville,North Carolina,60443
Greene,North Carolina,21232
Guilford,North Carolina,537174
Halifax,North Carolina,50010
Harnett,North Carolina,135976
Haywood,North Carolina,62317
Henderson,North Carolina,117417
Hertford,North Carolina,24431
Hoke,North Carolina,55234
Hyde,North Carolina,5721
Iredell,North Carolina,181806
Jackson,North Carolina,43938
Johnston,North Carolina,209339
Jones,North Carolina,10215
Lee,North Carolina,61779
Lenoir,North Carolina,55949
Lincoln,North Carolina,86111
McDowell,North Carolina,45756
Macon,North Carolina,33857
Madison,North Carolina,21022
Martin,North Carolina,23699
Mecklenburg,North Carolina,1110356
Mitchell,North Carolina,15328
Montgomery,North Carolina,27571
Moore,North Carolina,100880
Nash,North Carolina,94298
New Hanover,North Carolina,234473
Northampton,North Carolina,20839
Onslow,North Carolina,197938
Orange,North Carolina,148476
Pamlico,North Carolina,12953
Pasquotank,North Carolina,39824
Pender,North Carolina,63060
Perquimans,North Carolina,13601
Person,North Carolina,39490
Pitt,North Carolina,180742
Polk,North Carolina,20411
Randolph,North Carolina,143667
Richmond,North Carolina,44829
Robeson,North Carolina,130625
Rockingham,North Carolina,91010
Rowan,North Carolina,142088
Rutherford,North Carolina,67029
Sampson,North Carolina,63531
Scotland,North Carolina,36025
Stanly,North Carolina,62806
Stokes,North Carolina,45591
Surry,North Carolina,71783
Swain,North Carolina,14058
Transylvania,North Carolina,32903
Tyrrell,North Carolina,4109
Union,North Carolina,239859
Vance,North Carolina,44535
Wake,North Carolina,1111761
Warren,North Carolina,20575
Washington,North Carolina,12722
Watauga,North Carolina,56177
Wayne,North Carolina,123131
Wilkes,North Carolina,68412
Wilson,North Carolina,81801
Yadkin,North Carolina,37667
Yancey,North Carolina,17566
Adams,North Dakota,2360
Barnes,North Dakota,11190
Benson,North Dakota,6877
Billings,North Dakota,874
Bottineau,North Dakota,6736
Bowman,North Dakota,3214
Burke,North Dakota,2306
Burleigh,North Dakota,95626
Cass,North Dakota,181923
Cavalier,North Dakota,3896
Dickey,North Dakota,5248
Divide,North Dakota,2314
Dunn,North Dakota,4162
Eddy,North Dakota,2404
Emmons,North Dakota,3486
Foster,North Dakota,3366
Golden Valley,North Dakota,1823
Grand Forks,North Dakota,69451
Grant,North Dakota,2377
Griggs,North Dakota,2296
Hettinger,North Dakota,2660
Kidder,North Dakota,2428
LaMoure,North Dakota,4166
Logan,North Dakota,1946
McHenry,North Dakota,5922
McIntosh,North Dakota,2754
McKenzie,North Dakota,9314
McLean,North Dakota,9517
Mercer,North Dakota,8592
Morton,North Dakota,28990
Mountrail,North Dakota,9376
Nelson,North Dakota,3095
Oliver,North Dakota,1874
Pembina,North Dakota,7181
Pierce,North Dakota,4451
Ramsey,North Dakota,11554
Ransom,North Dakota,5516
Renville,North Dakota,2608
Richland,North Dakota,16339
Rolette,North Dakota,14582
Sargent,North Dakota,3890
Sheridan,North Dakota,1304
Sioux,North Dakota,4430
Slope,North Dakota,761
Stark,North Dakota,28212
Steele,North Dakota,1960
Stutsman,North Dakota,21120
Towner,North Dakota,2317
Traill,North Dakota,8245
Walsh,North Dakota,11104
Ward,North Dakota,67641
Wells,North Dakota,4206
Williams,North Dakota,29595
Northern Islands Municipality[9],Northern Mariana Islands,0
Rota Municipality,Northern Mariana Islands,2477
Saipan Municipality,Northern Mariana Islands,48220
Tinian Municipality,Northern Mariana Islands,3136
Adams,Ohio,27698
Allen,Ohio,102351
Ashland,Ohio,53484
Ashtabula,Ohio,97241
Athens,Ohio,65327
Auglaize,Ohio,45656
Belmont,Ohio,67006
Brown,Ohio,43432
Butler,Ohio,383134
Carroll,Ohio,26914
Champaign,Ohio,38885
Clark,Ohio,134585
Clermont,Ohio,206428
Clinton,Ohio,41968
Columbiana,Ohio,101883
Coshocton,Ohio,36600
Crawford,Ohio,41494
Cuyahoga,Ohio,1235072
Darke,Ohio,51113
Defiance,Ohio,38087
Delaware,Ohio,209177
Erie,Ohio,74266
Fairfield,Ohio,157574
Fayette,Ohio,28525
Franklin,Ohio,1316756
Fulton,Ohio,42126
Gallia,Ohio,29898
Geauga,Ohio,93649
Greene,Ohio,168937
Guernsey,Ohio,38875
Hamilton,Ohio,817473
Hancock,Ohio,75783
Hardin,Ohio,31365
Harrison,Ohio,15040
Henry,Ohio,27006
Highland,Ohio,43161
Hocking,Ohio,28264
Holmes,Ohio,43960
Huron,Ohio,58266
Jackson,Ohio,32413
Jefferson,Ohio,65325
Knox,Ohio,62322
Lake,Ohio,230149
Lawrence,Ohio,59463
Licking,Ohio,176862
Logan,Ohio,45672
Lorain,Ohio,309833
Lucas,Ohio,428348
Madison,Ohio,44731
Mahoning,Ohio,228683
Marion,Ohio,65093
Medina,Ohio,179746
Meigs,Ohio,22907
Mercer,Ohio,41172
Miami,Ohio,106987
Monroe,Ohio,13654
Montgomery,Ohio,531687
Morgan,Ohio,14508
Morrow,Ohio,35328
Muskingum,Ohio,86215
Noble,Ohio,14424
Ottawa,Ohio,40525
Paulding,Ohio,18672
Perry,Ohio,36134
Pickaway,Ohio,58457
Pike,Ohio,27772
Portage,Ohio,162466
Preble,Ohio,40882
Putnam,Ohio,33861
Richland,Ohio,121154
Ross,Ohio,76666
Sandusky,Ohio,58518
Scioto,Ohio,75314
Seneca,Ohio,55178
Shelby,Ohio,48590
Stark,Ohio,370606
Summit,Ohio,541013
Trumbull,Ohio,197974
Tuscarawas,Ohio,91987
Union,Ohio,58988
Van Wert,Ohio,28275
Vinton,Ohio,13085
Warren,Ohio,234602
Washington,Ohio,59911
Wayne,Ohio,115710
Williams,Ohio,36692
Wood,Ohio,130817
Wyandot,Ohio,21772
Adair,Oklahoma,22194
Alfalfa,Oklahoma,5847
Atoka,Oklahoma,13898
Beaver,Oklahoma,5566
Beckham,Oklahoma,23637
Blaine,Oklahoma,9720
Bryan,Oklahoma,47995
Caddo,Oklahoma,29594
Canadian,Oklahoma,148306
Carter,Oklahoma,48111
Cherokee,Oklahoma,48657
Choctaw,Oklahoma,15045
Cimarron,Oklahoma,2335
Cleveland,Oklahoma,284014
Coal,Oklahoma,5867
Comanche,Oklahoma,120749
Cotton,Oklahoma,6152
Craig,Oklahoma,14672
Creek,Oklahoma,71522
Custer,Oklahoma,29377
Delaware,Oklahoma,43009
Dewey,Oklahoma,4844
Ellis,Oklahoma,4170
Garfield,Oklahoma,61056
Garvin,Oklahoma,27334
Grady,Oklahoma,55834
Grant,Oklahoma,4528
Greer,Oklahoma,6171
Harmon,Oklahoma,2869
Harper,Oklahoma,3813
Haskell,Oklahoma,13052
Hughes,Oklahoma,13823
Jackson,Oklahoma,26088
Jefferson,Oklahoma,6432
Johnston,Oklahoma,10990
Kay,Oklahoma,43538
Kingfisher,Oklahoma,15276
Kiowa,Oklahoma,9341
Latimer,Oklahoma,10775
Le Flore,Oklahoma,49853
Lincoln,Oklahoma,34351
Logan,Oklahoma,48011
Love,Oklahoma,9742
McClain,Oklahoma,36511
McCurtain,Oklahoma,33065
McIntosh,Oklahoma,20493
Major,Oklahoma,7683
Marshall,Oklahoma,15988
Mayes,Oklahoma,41100
Murray,Oklahoma,13712
Muskogee,Oklahoma,67997
Noble,Oklahoma,11446
Nowata,Oklahoma,10555
Okfuskee,Oklahoma,12377
Oklahoma,Oklahoma,797434
Okmulgee,Oklahoma,38465
Osage,Oklahoma,46963
Ottawa,Oklahoma,32245
Pawnee,Oklahoma,16513
Payne,Oklahoma,81784
Pittsburg,Oklahoma,43654
Pontotoc,Oklahoma,38284
Pottawatomie,Oklahoma,72592
Pushmataha,Oklahoma,11233
Roger Mills,Oklahoma,3743
Rogers,Oklahoma,92459
Seminole,Oklahoma,25426
Sequoyah,Oklahoma,41569
Stephens,Oklahoma,43143
Texas,Oklahoma,22081
Tillman,Oklahoma,7711
Tulsa,Oklahoma,651552
Wagoner,Oklahoma,81289
Washington,Oklahoma,51527
Washita,Oklahoma,11678
Woods,Oklahoma,9041
Woodward,Oklahoma,21221
Baker,Oregon,16018
Benton,Oregon,93053
Clackamas,Oregon,418187
Clatsop,Oregon,37244
Columbia,Oregon,52354
Coos,Oregon,64487
Crook,Oregon,20815
Curry,Oregon,22339
Deschutes,Oregon,197692
Douglas,Oregon,110980
Gilliam,Oregon,1947
Grant,Oregon,7283
Harney,Oregon,7146
Hood River,Oregon,22675
Jackson,Oregon,220944
Jefferson,Oregon,21145
Josephine,Oregon,87487
Klamath,Oregon,68238
Lake,Oregon,7820
Lane,Oregon,382067
Lincoln,Oregon,49962
Linn,Oregon,129749
Malheur,Oregon,30479
Marion,Oregon,347818
Morrow,Oregon,11336
Multnomah,Oregon,812855
Polk,Oregon,86085
Sherman,Oregon,1731
Tillamook,Oregon,25317
Umatilla,Oregon,77950
Union,Oregon,25652
Wallowa,Oregon,6814
Wasco,Oregon,25477
Washington,Oregon,601592
Wheeler,Oregon,1381
Yamhill,Oregon,107100
Adams,Pennsylvania,103009
Allegheny,Pennsylvania,1216045
Armstrong,Pennsylvania,64735
Beaver,Pennsylvania,163929
Bedford,Pennsylvania,47888
Berks,Pennsylvania,421164
Blair,Pennsylvania,121829
Bradford,Pennsylvania,60323
Bucks,Pennsylvania,628270
Butler,Pennsylvania,187853
Cambria,Pennsylvania,130192
Cameron,Pennsylvania,4886
Carbon,Pennsylvania,64182
Centre,Pennsylvania,162385
Chester,Pennsylvania,524989
Clarion,Pennsylvania,38438
Clearfield,Pennsylvania,79255
Clinton,Pennsylvania,38632
Columbia,Pennsylvania,64964
Crawford,Pennsylvania,84629
Cumberland,Pennsylvania,253370
Dauphin,Pennsylvania,278299
Delaware,Pennsylvania,566747
Elk,Pennsylvania,31479
Erie,Pennsylvania,269728
Fayette,Pennsylvania,129274
Forest,Pennsylvania,7631
Franklin,Pennsylvania,155027
Fulton,Pennsylvania,14670
Greene,Pennsylvania,36233
Huntingdon,Pennsylvania,45144
Indiana,Pennsylvania,84073
Jefferson,Pennsylvania,43425
Juniata,Pennsylvania,24768
Lackawanna,Pennsylvania,209674
Lancaster,Pennsylvania,545724
Lawrence,Pennsylvania,85512
Lebanon,Pennsylvania,141793
Lehigh,Pennsylvania,369318
Luzerne,Pennsylvania,317417
Lycoming,Pennsylvania,113299
McKean,Pennsylvania,40625
Mercer,Pennsylvania,109424
Mifflin,Pennsylvania,46138
Monroe,Pennsylvania,170271
Montgomery,Pennsylvania,830915
Montour,Pennsylvania,18541
Northampton,Pennsylvania,305285
Northumberland,Pennsylvania,90843
Perry,Pennsylvania,46272
Philadelphia[w],Pennsylvania,1584064
Pike,Pennsylvania,55809
Potter,Pennsylvania,17497
Schuylkill,Pennsylvania,141359
Snyder,Pennsylvania,40372
Somerset,Pennsylvania,73447
Sullivan,Pennsylvania,6351
Susquehanna,Pennsylvania,40328
Tioga,Pennsylvania,40591
Union,Pennsylvania,44923
Venango,Pennsylvania,50668
Warren,Pennsylvania,39191
Washington,Pennsylvania,206865
Wayne,Pennsylvania,51361
Westmoreland,Pennsylvania,348899
Wyoming,Pennsylvania,28003
York,Pennsylvania,449058
Adjuntas Municipality,Puerto Rico,19483
Aguada Municipality,Puerto Rico,41959
Aguadilla Municipality,Puerto Rico,54582
Aguas Buenas Municipality,Puerto Rico,28659
Aibonito Municipality,Puerto Rico,25900
Añasco Municipality,Puerto Rico,29261
Arecibo Municipality,Puerto Rico,96440
Arroyo Municipality,Puerto Rico,19575
Barceloneta Municipality,Puerto Rico,24816
Barranquitas Municipality,Puerto Rico,30318
Bayamón Municipality,Puerto Rico,208116
Cabo Rojo Municipality,Puerto Rico,50917
Caguas Municipality,Puerto Rico,142893
Camuy Municipality,Puerto Rico,35159
Canóvanas Municipality,Puerto Rico,47648
Carolina Municipality,Puerto Rico,176762
Cataño Municipality,Puerto Rico,28140
Cayey Municipality,Puerto Rico,48119
Ceiba Municipality,Puerto Rico,13631
Ciales Municipality,Puerto Rico,18782
Cidra Municipality,Puerto Rico,43480
Coamo Municipality,Puerto Rico,40512
Comerío Municipality,Puerto Rico,20778
Corozal Municipality,Puerto Rico,37142
Culebra Municipality,Puerto Rico,1818
Dorado Municipality,Puerto Rico,38165
Fajardo Municipality,Puerto Rico,36993
Florida Municipality,Puerto Rico,12680
Guánica Municipality,Puerto Rico,19427
Guayama Municipality,Puerto Rico,45362
Guayanilla Municipality,Puerto Rico,21581
Guaynabo Municipality,Puerto Rico,97924
Gurabo Municipality,Puerto Rico,45369
Hatillo Municipality,Puerto Rico,41953
Hormigueros Municipality,Puerto Rico,17250
Humacao Municipality,Puerto Rico,58466
Isabela Municipality,Puerto Rico,45631
Jayuya Municipality,Puerto Rico,16642
Juana Díaz Municipality,Puerto Rico,79897
Juncos Municipality,Puerto Rico,40290
Lajas Municipality,Puerto Rico,25753
Lares Municipality,Puerto Rico,30753
Las Marías Municipality,Puerto Rico,9881
Las Piedras Municipality,Puerto Rico,38675
Loíza Municipality,Puerto Rico,30060
Luquillo Municipality,Puerto Rico,20068
Manatí Municipality,Puerto Rico,44113
Maricao Municipality,Puerto Rico,6276
Maunabo Municipality,Puerto Rico,12225
Mayagüez Municipality,Puerto Rico,89080
Moca Municipality,Puerto Rico,40109
Morovis Municipality,Puerto Rico,32610
Naguabo Municipality,Puerto Rico,26720
Naranjito Municipality,Puerto Rico,30402
Orocovis Municipality,Puerto Rico,23423
Patillas Municipality,Puerto Rico,19277
Peñuelas Municipality,Puerto Rico,24282
Ponce Municipality,Puerto Rico,166327
Quebradillas Municipality,Puerto Rico,25919
Rincón Municipality,Puerto Rico,15200
Río Grande Municipality,Puerto Rico,54304
Sabana Grande Municipality,Puerto Rico,25265
Salinas Municipality,Puerto Rico,31078
San Germán Municipality,Puerto Rico,35527
San Juan Municipality,Puerto Rico,395326
San Lorenzo Municipality,Puerto Rico,41058
San Sebastián Municipality,Puerto Rico,42430
Santa Isabel Municipality,Puerto Rico,23274
Toa Alta Municipality,Puerto Rico,74066
Toa Baja Municipality,Puerto Rico,89609
Trujillo Alto Municipality,Puerto Rico,74842
Utuado Municipality,Puerto Rico,33149
Vega Alta Municipality,Puerto Rico,39951
Vega Baja Municipality,Puerto Rico,59662
Vieques Municipality,Puerto Rico,9301
Villalba Municipality,Puerto Rico,26073
Yabucoa Municipality,Puerto Rico,37941
Yauco Municipality,Puerto Rico,42043
Bristol[n],Rhode Island,48479
Kent[n],Rhode Island,164292
Newport[n],Rhode Island,82082
Providence[n],Rhode Island,638931
Washington[n],Rhode Island,125577
Abbeville,South Carolina,25007
Aiken,South Carolina,170872
Allendale,South Carolina,9839
Anderson,South Carolina,202558
Bamberg,South Carolina,15430
Barnwell,South Carolina,22119
Beaufort,South Carolina,192122
Berkeley,South Carolina,227907
Calhoun,South Carolina,15055
Charleston,South Carolina,411406
Cherokee,South Carolina,57300
Chester,South Carolina,32578
Chesterfield,South Carolina,45650
Clarendon,South Carolina,34355
Colleton,South Carolina,37677
Darlington,South Carolina,66618
Dillon,South Carolina,31229
Dorchester,South Carolina,162809
Edgefield,South Carolina,26436
Fairfield,South Carolina,23109
Florence,South Carolina,138293
Georgetown,South Carolina,62680
Greenville,South Carolina,523542
Greenwood,South Carolina,70811
Hampton,South Carolina,20408
Horry,South Carolina,354081
Jasper,South Carolina,26629
Kershaw,South Carolina,66551
Lancaster,South Carolina,98012
Laurens,South Carolina,67493
Lee,South Carolina,18347
Lexington,South Carolina,298750
McCormick,South Carolina,9947
Marion,South Carolina,32072
Marlboro,South Carolina,28003
Newberry,South Carolina,38440
Oconee,South Carolina,79546
Orangeburg,South Carolina,86175
Pickens,South Carolina,126884
Richland,South Carolina,415759
Saluda,South Carolina,20091
Spartanburg,South Carolina,319785
Sumter,South Carolina,106721
Union,South Carolina,28030
Williamsburg,South Carolina,33067
York,South Carolina,280979
Aurora,South Dakota,2720
Beadle,South Dakota,18080
Bennett,South Dakota,3452
Bon Homme,South Dakota,7046
Brookings,South Dakota,32968
Brown,South Dakota,38839
Brule,South Dakota,5366
Buffalo,South Dakota,2024
Butte,South Dakota,10330
Campbell,South Dakota,1334
Charles Mix,South Dakota,9241
Clark,South Dakota,3610
Clay,South Dakota,13935
Codington,South Dakota,27853
Corson,South Dakota,4215
Custer,South Dakota,8468
Davison,South Dakota,19823
Day,South Dakota,5596
Deuel,South Dakota,4320
Dewey,South Dakota,5586
Douglas,South Dakota,3023
Edmunds,South Dakota,4041
Fall River,South Dakota,6839
Faulk,South Dakota,2386
Grant,South Dakota,7281
Gregory,South Dakota,4242
Haakon,South Dakota,1894
Hamlin,South Dakota,5961
Hand,South Dakota,3391
Hanson,South Dakota,3405
Harding,South Dakota,1262
Hughes,South Dakota,17508
Hutchinson,South Dakota,7145
Hyde,South Dakota,1391
Jackson,South Dakota,3216
Jerauld,South Dakota,2066
Jones,South Dakota,1001
Kingsbury,South Dakota,5065
Lake,South Dakota,12055
Lawrence,South Dakota,24910
Lincoln,South Dakota,61128
Lyman,South Dakota,3892
McCook,South Dakota,5654
McPherson,South Dakota,2457
Marshall,South Dakota,4763
Meade,South Dakota,27202
Mellette,South Dakota,2081
Miner,South Dakota,2333
Minnehaha,South Dakota,193134
Moody,South Dakota,6404
Oglala Lakota,South Dakota,14118
Pennington,South Dakota,113775
Perkins,South Dakota,3037
Potter,South Dakota,2394
Roberts,South Dakota,10251
Sanborn,South Dakota,2324
Spink,South Dakota,6610
Stanley,South Dakota,2981
Sully,South Dakota,1437
Todd,South Dakota,9982
Tripp,South Dakota,5498
Turner,South Dakota,8361
Union,South Dakota,14829
Walworth,South Dakota,5524
Yankton,South Dakota,22696
Ziebach,South Dakota,2834
Anderson,Tennessee,76978
Bedford,Tennessee,49713
Benton,Tennessee,16290
Bledsoe,Tennessee,12841
Blount,Tennessee,133088
Bradley,Tennessee,108110
Campbell,Tennessee,39842
Cannon,Tennessee,13775
Carroll,Tennessee,28513
Carter,Tennessee,56391
Cheatham,Tennessee,40667
Chester,Tennessee,17321
Claiborne,Tennessee,31560
Clay,Tennessee,7774
Cocke,Tennessee,35479
Coffee,Tennessee,56520
Crockett,Tennessee,14591
Cumberland,Tennessee,60520
Davidson,Tennessee,694144
Decatur,Tennessee,11661
DeKalb,Tennessee,19164
Dickson,Tennessee,53948
Dyer,Tennessee,37159
Fayette,Tennessee,41133
Fentress,Tennessee,17909
Franklin,Tennessee,42208
Gibson,Tennessee,49133
Giles,Tennessee,28746
Grainger,Tennessee,22702
Greene,Tennessee,69069
Grundy,Tennessee,13498
Hamblen,Tennessee,64934
Hamilton,Tennessee,367804
Hancock,Tennessee,6679
Hardeman,Tennessee,26306
Hardin,Tennessee,26034
Hawkins,Tennessee,56786
Haywood,Tennessee,18224
Henderson,Tennessee,28048
Henry,Tennessee,32210
Hickman,Tennessee,24267
Houston,Tennessee,8292
Humphreys,Tennessee,18243
Jackson,Tennessee,11517
Jefferson,Tennessee,54495
Johnson,Tennessee,17977
Knox,Tennessee,470313
Lake,Tennessee,7731
Lauderdale,Tennessee,27795
Lawrence,Tennessee,44142
Lewis,Tennessee,11961
Lincoln,Tennessee,33633
Loudon,Tennessee,54068
McMinn,Tennessee,53794
McNairy,Tennessee,26140
Macon,Tennessee,22701
Madison,Tennessee,97984
Marion,Tennessee,28374
Marshall,Tennessee,31130
Maury,Tennessee,96387
Meigs,Tennessee,11649
Monroe,Tennessee,46545
Montgomery,Tennessee,208993
Moore,Tennessee,6301
Morgan,Tennessee,21915
Obion,Tennessee,31131
Overton,Tennessee,22075
Perry,Tennessee,7869
Pickett,Tennessee,5090
Polk,Tennessee,16690
Putnam,Tennessee,80245
Rhea,Tennessee,32513
Roane,Tennessee,53382
Robertson,Tennessee,71813
Rutherford,Tennessee,332285
Scott,Tennessee,22015
Sequatchie,Tennessee,14681
Sevier,Tennessee,98250
Shelby,Tennessee,937166
Smith,Tennessee,19074
Stewart,Tennessee,13362
Sullivan,Tennessee,158348
Sumner,Tennessee,191283
Tipton,Tennessee,61599
Trousdale,Tennessee,7828
Unicoi,Tennessee,18082
Union,Tennessee,19102
Van Buren,Tennessee,5583
Warren,Tennessee,41277
Washington,Tennessee,129375
Wayne,Tennessee,16939
Weakley,Tennessee,34450
White,Tennessee,26244
Williamson,Tennessee,238412
Wilson,Tennessee,144657
Anderson,Texas,57735
Andrews,Texas,16799
Angelina,Texas,86715
Aransas,Texas,24356
Archer,Texas,8681
Armstrong,Texas,1949
Atascosa,Texas,51153
Austin,Texas,28847
Bailey,Texas,7114
Bandera,Texas,20601
Bastrop,Texas,88723
Baylor,Texas,3614
Bee,Texas,32799
Bell,Texas,362924
Bexar,Texas,2003554
Blanco,Texas,10723
Borden,Texas,637
Bosque,Texas,17855
Bowie,Texas,93245
Brazoria,Texas,374264
Brazos,Texas,229211
Brewster,Texas,9286
Briscoe,Texas,1537
Brooks,Texas,7237
Brown,Texas,37864
Burleson,Texas,17169
Burnet,Texas,48155
Caldwell,Texas,43664
Calhoun,Texas,21806
Callahan,Texas,13525
Cameron,Texas,423163
Camp,Texas,12413
Carson,Texas,6010
Cass,Texas,30331
Castro,Texas,8030
Chambers,Texas,36812
Cherokee,Texas,52646
Childress,Texas,7095
Clay,Texas,10473
Cochran,Texas,3016
Coke,Texas,3210
Coleman,Texas,8543
Collin,Texas,1034730
Collingsworth,Texas,3099
Colorado,Texas,20752
Comal,Texas,156209
Comanche,Texas,13623
Concho,Texas,4043
Cooke,Texas,41257
Coryell,Texas,75951
Cottle,Texas,1452
Crane,Texas,4773
Crockett,Texas,3807
Crosby,Texas,5991
Culberson,Texas,2277
Dallam,Texas,7057
Dallas,Texas,2635516
Dawson,Texas,13810
Deaf Smith,Texas,19177
Delta,Texas,5238
Denton,Texas,887207
DeWitt,Texas,20503
Dickens,Texas,2291
Dimmit,Texas,10897
Donley,Texas,3522
Duval,Texas,11640
Eastland,Texas,18245
Ector,Texas,166223
Edwards,Texas,1884
Ellis,Texas,184826
El Paso,Texas,839238
Erath,Texas,42698
Falls,Texas,17493
Fannin,Texas,33659
Fayette,Texas,24821
Fisher,Texas,3856
Floyd,Texas,6230
Foard,Texas,1277
Fort Bend,Texas,811688
Franklin,Texas,10660
Freestone,Texas,19646
Frio,Texas,18065
Gaines,Texas,18921
Galveston,Texas,342139
Garza,Texas,6317
Gillespie,Texas,25357
Glasscock,Texas,1251
Goliad,Texas,7465
Gonzales,Texas,20312
Gray,Texas,23043
Grayson,Texas,136212
Gregg,Texas,123945
Grimes,Texas,26859
Guadalupe,Texas,166847
Hale,Texas,35764
Hall,Texas,3239
Hamilton,Texas,8310
Hansford,Texas,5555
Hardeman,Texas,4016
Hardin,Texas,57602
Harris,Texas,4713325
Harrison,Texas,66553
Hartley,Texas,6100
Haskell,Texas,5875
Hays,Texas,230191
Hemphill,Texas,4158
Henderson,Texas,82737
Hidalgo,Texas,868707
Hill,Texas,34823
Hockley,Texas,23530
Hood,Texas,61643
Hopkins,Texas,35565
Houston,Texas,22911
Howard,Texas,36147
Hudspeth,Texas,3318
Hunt,Texas,98594
Hutchinson,Texas,21819
Irion,Texas,1612
Jack,Texas,8957
Jackson,Texas,14591
Jasper,Texas,35649
Jeff Davis,Texas,2253
Jefferson,Texas,251565
Jim Hogg,Texas,5245
Jim Wells,Texas,40482
Johnson,Texas,175817
Jones,Texas,19859
Karnes,Texas,15081
Kaufman,Texas,136154
Kendall,Texas,47431
Kenedy,Texas,412
Kent,Texas,807
Kerr,Texas,52600
Kimble,Texas,4481
King,Texas,285
Kinney,Texas,3586
Kleberg,Texas,32101
Knox,Texas,3767
Lamar,Texas,49859
Lamb,Texas,13775
Lampasas,Texas,20222
La Salle,Texas,7369
Lavaca,Texas,19581
Lee,Texas,16628
Leon,Texas,16742
Liberty,Texas,88219
Limestone,Texas,23326
Lipscomb,Texas,3485
Live Oak,Texas,11867
Llano,Texas,19444
Loving,Texas,169
Lubbock,Texas,310569
Lynn,Texas,5723
McCulloch,Texas,8330
McLennan,Texas,256623
McMullen,Texas,764
Madison,Texas,13781
Marion,Texas,10235
Martin,Texas,5312
Mason,Texas,4128
Matagorda,Texas,36592
Maverick,Texas,58722
Medina,Texas,51584
Menard,Texas,2148
Midland,Texas,176832
Milam,Texas,24167
Mills,Texas,4907
Mitchell,Texas,9402
Montague,Texas,19503
Montgomery,Texas,607391
Moore,Texas,22141
Morris,Texas,12834
Motley,Texas,1196
Nacogdoches,Texas,65204
Navarro,Texas,50113
Newton,Texas,14140
Nolan,Texas,15037
Nueces,Texas,362294
Ochiltree,Texas,10806
Oldham,Texas,2102
Orange,Texas,83396
Palo Pinto,Texas,27889
Panola,Texas,23870
Parker,Texas,142878
Parmer,Texas,9965
Pecos,Texas,15697
Polk,Texas,51353
Potter,Texas,117415
Presidio,Texas,7201
Rains,Texas,11065
Randall,Texas,137713
Reagan,Texas,3601
Real,Texas,3350
Red River,Texas,12470
Reeves,Texas,13965
Refugio,Texas,7305
Roberts,Texas,831
Robertson,Texas,16486
Rockwall,Texas,104915
Runnels,Texas,10309
Rusk,Texas,54406
Sabine,Texas,10361
San Augustine,Texas,8769
San Jacinto,Texas,26856
San Patricio,Texas,66730
San Saba,Texas,6012
Schleicher,Texas,3206
Scurry,Texas,17302
Shackelford,Texas,3375
Shelby,Texas,25792
Sherman,Texas,3093
Smith,Texas,232751
Somervell,Texas,8658
Starr,Texas,64633
Stephens,Texas,9247
Sterling,Texas,1219
Stonewall,Texas,1432
Sutton,Texas,4006
Swisher,Texas,7763
Tarrant,Texas,2102515
Taylor,Texas,138034
Terrell,Texas,903
Terry,Texas,12743
Throckmorton,Texas,1600
Titus,Texas,32581
Tom Green,Texas,119200
Travis,Texas,1273954
Trinity,Texas,14393
Tyler,Texas,21464
Upshur,Texas,41753
Upton,Texas,3372
Uvalde,Texas,26926
Val Verde,Texas,49025
Van Zandt,Texas,56590
Victoria,Texas,92084
Walker,Texas,72971
Waller,Texas,55246
Ward,Texas,11244
Washington,Texas,34147
Webb,Texas,276652
Wharton,Texas,41556
Wheeler,Texas,5751
Wichita,Texas,132230
Wilbarger,Texas,13131
Willacy,Texas,21921
Williamson,Texas,590551
Wilson,Texas,51070
Winkler,Texas,7606
Wise,Texas,69984
Wood,Texas,45539
Yoakum,Texas,8184
Young,Texas,18341
Zapata,Texas,14390
Zavala,Texas,12156
Bajo Nuevo Bank[x][y],U.S. Minor Outlying Islands,0
Baker Island[8][x],U.S. Minor Outlying Islands,0
Howland Island[x],U.S. Minor Outlying Islands,0
Jarvis Island[x],U.S. Minor Outlying Islands,0
Johnston Atoll[x],U.S. Minor Outlying Islands,0
Kingman Reef[x],U.S. Minor Outlying Islands,0
Midway Islands[x],U.S. Minor Outlying Islands,40
Navassa Island[x],U.S. Minor Outlying Islands,0
Palmyra Atoll[x],U.S. Minor Outlying Islands,20
Serranilla Bank[x][y],U.S. Minor Outlying Islands,0
Wake Island[x],U.S. Minor Outlying Islands,100
Beaver,Utah,6459
Box Elder,Utah,56046
Cache,Utah,128289
Carbon,Utah,20988
Daggett,Utah,1127
Davis,Utah,355481
Duchesne,Utah,20308
Emery,Utah,10749
Garfield,Utah,5083
Grand,Utah,9360
Iron,Utah,54839
Juab,Utah,10348
Kane,Utah,7260
Millard,Utah,12662
Morgan,Utah,10173
Piute,Utah,1510
Rich,Utah,2288
Salt Lake,Utah,1160437
San Juan,Utah,14973
Sanpete,Utah,28237
Sevier,Utah,20852
Summit,Utah,42145
Tooele,Utah,72259
Uintah,Utah,35555
Utah,Utah,636235
Wasatch,Utah,26437
Washington,Utah,177556
Wayne,Utah,2747
Weber,Utah,260213
Addison,Vermont,36791
Bennington,Vermont,36659
Caledonia,Vermont,31157
Chittenden,Vermont,163774
Essex,Vermont,6211
Franklin,Vermont,49402
Grand Isle,Vermont,6987
Lamoille,Vermont,25067
Orange,Vermont,28915
Orleans,Vermont,27169
Rutland,Vermont,58191
Washington,Vermont,58409
Windham,Vermont,42222
Windsor,Vermont,55062
Saint Croix Island[9],Virgin Islands (U.S.),50601
Saint John Island,Virgin Islands (U.S.),4170
Saint Thomas Island,Virgin Islands (U.S.),51634
Accomack,Virginia,33148
Albemarle,Virginia,109330
Alleghany,Virginia,16161
Amelia,Virginia,12745
Amherst,Virginia,32178
Appomattox,Virginia,15255
Arlington,Virginia,236842
Augusta,Virginia,75558
Bath,Virginia,4616
Bedford[z],Virginia,78997
Bland,Virginia,6735
Botetourt,Virginia,33002
Brunswick,Virginia,16973
Buchanan,Virginia,23597
Buckingham,Virginia,17136
Campbell,Virginia,54885
Caroline,Virginia,29298
Carroll,Virginia,29883
Charles City,Virginia,7130
Charlotte,Virginia,12305
Chesterfield,Virginia,352802
Clarke,Virginia,14348
Craig,Virginia,5210
Culpeper,Virginia,52605
Cumberland,Virginia,9841
Dickenson,Virginia,15486
Dinwiddie,Virginia,27904
Essex,Virginia,11229
Fairfax,Virginia,1147532
Fauquier,Virginia,71222
Floyd,Virginia,15528
Fluvanna,Virginia,25977
Franklin,Virginia,56042
Frederick,Virginia,89313
Giles,Virginia,16925
Gloucester,Virginia,36834
Goochland,Virginia,21626
Grayson,Virginia,15161
Greene,Virginia,18804
Greensville,Virginia,11886
Halifax,Virginia,35401
Hanover,Virginia,107766
Henrico,Virginia,330818
Henry,Virginia,50557
Highland,Virginia,2215
Isle of Wight,Virginia,35656
James City,Virginia,76523
King and Queen,Virginia,7130
King George,Virginia,24926
King William,Virginia,16097
Lancaster,Virginia,11148
Lee,Virginia,25185
Loudoun,Virginia,413538
Louisa,Virginia,33945
Lunenburg,Virginia,12527
Madison,Virginia,13200
Mathews,Virginia,8897
Mecklenburg,Virginia,31426
Middlesex,Virginia,10762
Montgomery,Virginia,98535
Nelson,Virginia,14789
New Kent,Virginia,19507
Northampton,Virginia,12125
Northumberland,Virginia,12200
Nottoway,Virginia,15773
Orange,Virginia,34689
Page,Virginia,23821
Patrick,Virginia,18368
Pittsylvania,Virginia,60354
Powhatan,Virginia,28259
Prince Edward,Virginia,22802
Prince George,Virginia,37253
Prince William,Virginia,470335
Pulaski,Virginia,34507
Rappahannock,Virginia,7478
Richmond,Virginia,8953
Roanoke,Virginia,94186
Rockbridge,Virginia,22307
Rockingham,Virginia,81948
Russell,Virginia,28264
Scott,Virginia,22640
Shenandoah,Virginia,43616
Smyth,Virginia,31652
Southampton,Virginia,18128
Spotsylvania,Virginia,136215
Stafford,Virginia,152882
Surry,Virginia,6765
Sussex,Virginia,11810
Tazewell,Virginia,40595
Warren,Virginia,40164
Washington,Virginia,53740
Westmoreland,Virginia,17612
Wise,Virginia,37383
Wythe,Virginia,29344
York,Virginia,68280
"Alexandria, City of[aa]",Virginia,159428
"Bristol, City of[aa]",Virginia,17341
"Buena Vista, City of[aa]",Virginia,6680
"Charlottesville, City of[aa]",Virginia,47266
"Chesapeake, City of[aa]",Virginia,244835
"Colonial Heights, City of[aa]",Virginia,17634
"Covington, City of[aa]",Virginia,5818
"Danville, City of[aa]",Virginia,40044
"Emporia, City of[aa]",Virginia,5588
"Fairfax, City of[aa]",Virginia,23973
"Falls Church, City of[aa]",Virginia,13508
"Franklin, City of[aa]",Virginia,8638
"Fredericksburg, City of[aa]",Virginia,28132
"Galax, City of[aa]",Virginia,7035
"Hampton, City of[aa]",Virginia,134510
"Harrisonburg, City of[aa]",Virginia,53016
"Hopewell, City of[aa]",Virginia,22163
"Lexington, City of[aa]",Virginia,7170
"Lynchburg, City of[aa]",Virginia,82168
"Manassas, City of[aa]",Virginia,41085
"Manassas Park, City of[aa]",Virginia,16149
"Martinsville, City of[aa]",Virginia,13755
"Newport News, City of[aa]",Virginia,179225
"Norfolk, City of[aa]",Virginia,242742
"Norton, City of[aa]",Virginia,4017
"Petersburg, City of[aa]",Virginia,32538
"Poquoson, City of[aa]",Virginia,12104
"Portsmouth, City of[aa]",Virginia,94398
"Radford, City of[aa]",Virginia,17184
"Richmond, City of[aa]",Virginia,230436
"Roanoke, City of[aa]",Virginia,99143
"Salem, City of[aa]",Virginia,25299
"Staunton, City of[aa]",Virginia,24350
"Suffolk, City of[aa]",Virginia,92108
"Virginia Beach, City of[aa]",Virginia,449974
"Waynesboro, City of[aa]",Virginia,21263
"Williamsburg, City of[aa]",Virginia,15206
"Winchester, City of[aa]",Virginia,27216
Adams,Washington,19067
Asotin,Washington,22110
Benton,Washington,204390
Chelan,Washington,77200
Clallam,Washington,77331
Clark,Washington,488241
Columbia,Washington,4032
Cowlitz,Washington,110593
Douglas,Washington,43429
Ferry,Washington,7646
Franklin,Washington,95222
Garfield,Washington,2256
Grant,Washington,97733
Grays Harbor,Washington,75061
Island,Washington,85141
Jefferson,Washington,30076
King,Washington,2252782
Kitsap,Washington,271473
Kittitas,Washington,47935
Klickitat,Washington,20866
Lewis,Washington,80707
Lincoln,Washington,10301
Mason,Washington,66768
Okanogan,Washington,42243
Pacific,Washington,20498
Pend Oreille,Washington,12896
Pierce,Washington,904980
San Juan,Washington,15875
Skagit,Washington,129205
Skamania,Washington,11274
Snohomish,Washington,822083
Spokane,Washington,522798
Stevens,Washington,45723
Thurston,Washington,290536
Wahkiakum,Washington,4042
Walla Walla,Washington,60760
Whatcom,Washington,229247
Whitman,Washington,50104
Yakima,Washington,250873
Barbour,West Virginia,16770
Berkeley,West Virginia,119171
Boone,West Virginia,24224
Braxton,West Virginia,14502
Brooke,West Virginia,23737
Cabell,West Virginia,91945
Calhoun,West Virginia,7564
Clay,West Virginia,9244
Doddridge,West Virginia,8344
Fayette,West Virginia,42406
Gilmer,West Virginia,8672
Grant,West Virginia,11759
Greenbrier,West Virginia,35644
Hampshire,West Virginia,23445
Hancock,West Virginia,30291
Hardy,West Virginia,13920
Harrison,West Virginia,67256
Jackson,West Virginia,29178
Jefferson,West Virginia,57146
Kanawha,West Virginia,178124
Lewis,West Virginia,16452
Lincoln,West Virginia,21559
Logan,West Virginia,35987
McDowell,West Virginia,20876
Marion,West Virginia,56072
Marshall,West Virginia,32459
Mason,West Virginia,27126
Mercer,West Virginia,58758
Mineral,West Virginia,27704
Mingo,West Virginia,25900
Monongalia,West Virginia,105612
Monroe,West Virginia,13483
Morgan,West Virginia,17498
Nicholas,West Virginia,25965
Ohio,West Virginia,41411
Pendleton,West Virginia,7471
Pleasants,West Virginia,7577
Pocahontas,West Virginia,8669
Preston,West Virginia,33859
Putnam,West Virginia,56450
Raleigh,West Virginia,73361
Randolph,West Virginia,29415
Ritchie,West Virginia,10073
Roane,West Virginia,14656
Summers,West Virginia,13563
Taylor,West Virginia,16973
Tucker,West Virginia,6968
Tyler,West Virginia,8995
Upshur,West Virginia,24665
Wayne,West Virginia,39402
Webster,West Virginia,8893
Wetzel,West Virginia,16204
Wirt,West Virginia,5901
Wood,West Virginia,83518
Wyoming,West Virginia,23019
Adams,Wisconsin,20480
Ashland,Wisconsin,16016
Barron,Wisconsin,45244
Bayfield,Wisconsin,15156
Brown,Wisconsin,264542
Buffalo,Wisconsin,13357
Burnett,Wisconsin,15333
Calumet,Wisconsin,50089
Chippewa,Wisconsin,64658
Clark,Wisconsin,34615
Columbia,Wisconsin,57532
Crawford,Wisconsin,16397
Dane,Wisconsin,546695
Dodge,Wisconsin,87839
Door,Wisconsin,27896
Douglas,Wisconsin,43150
Dunn,Wisconsin,45368
Eau Claire,Wisconsin,104646
Florence,Wisconsin,4520
Fond du Lac,Wisconsin,103403
Forest,Wisconsin,9126
Grant,Wisconsin,51439
Green,Wisconsin,37090
Green Lake,Wisconsin,18959
Iowa,Wisconsin,23749
Iron,Wisconsin,5886
Jackson,Wisconsin,20644
Jefferson,Wisconsin,84769
Juneau,Wisconsin,26547
Kenosha,Wisconsin,169561
Kewaunee,Wisconsin,20505
La Crosse,Wisconsin,118016
Lafayette,Wisconsin,16766
Langlade,Wisconsin,19575
Lincoln,Wisconsin,28684
Manitowoc,Wisconsin,78981
Marathon,Wisconsin,135692
Marinette,Wisconsin,40350
Marquette,Wisconsin,15176
Menominee,Wisconsin,4317
Milwaukee,Wisconsin,945726
Monroe,Wisconsin,46253
Oconto,Wisconsin,37930
Oneida,Wisconsin,35689
Outagamie,Wisconsin,187885
Ozaukee,Wisconsin,89221
Pepin,Wisconsin,7360
Pierce,Wisconsin,42754
Polk,Wisconsin,43783
Portage,Wisconsin,70772
Price,Wisconsin,13802
Racine,Wisconsin,196311
Richland,Wisconsin,17717
Rock,Wisconsin,163354
Rusk,Wisconsin,14395
St. Croix,Wisconsin,90687
Sauk,Wisconsin,64442
Sawyer,Wisconsin,16513
Shawano,Wisconsin,40899
Sheboygan,Wisconsin,115340
Taylor,Wisconsin,20610
Trempealeau,Wisconsin,29582
Vernon,Wisconsin,30329
Vilas,Wisconsin,21368
Walworth,Wisconsin,103868
Washburn,Wisconsin,15686
Washington,Wisconsin,136034
Waukesha,Wisconsin,404198
Waupaca,Wisconsin,50990
Waushara,Wisconsin,24329
Winnebago,Wisconsin,171907
Wood,Wisconsin,72999
Albany,Wyoming,38880
Big Horn,Wyoming,11790
Campbell,Wyoming,46341
Carbon,Wyoming,14800
Converse,Wyoming,13822
Crook,Wyoming,7584
Fremont,Wyoming,39261
Goshen,Wyoming,13211
Hot Springs,Wyoming,4413
Johnson,Wyoming,8445
Laramie,Wyoming,99500
Lincoln,Wyoming,19830
Natrona,Wyoming,79858
Niobrara,Wyoming,2356
Park,Wyoming,29194
Platte,Wyoming,8393
Sheridan,Wyoming,30485
Sublette,Wyoming,9831
Sweetwater,Wyoming,42343
Teton,Wyoming,23464
Uinta,Wyoming,20226
Washakie,Wyoming,7805
Weston,Wyoming,6927
